repo_id,repo_name,stars,forks,openrank_25,language,created_at,description,topics,trends
65600975,pytorch/pytorch,92039,24844,859.0,Python,2016-08-13,Tensors and Dynamic neural networks in Python with strong GPU acceleration,"autograd,deep-learning,gpu,machine-learning,neural-network,numpy,python,tensor","[951, 929, 904, 925, 909, 907, 859]"
599547518,vllm-project/vllm,53912,9123,637.0,Python,2023-02-09,A high-throughput and memory-efficient inference and serving engine for LLMs,"amd,cuda,deepseek,gpt,hpu,inference,inferentia,llama,llm,llm-serving,llmops,mlops,model-serving,pytorch,qwen,rocm,tpu,trainium,transformer,xpu","[490, 581, 668, 723, 709, 651, 637]"
626805178,langgenius/dify,109674,16702,379.0,TypeScript,2023-04-12,Production-ready platform for agentic workflow development.,"agent,agentic-ai,agentic-framework,agentic-workflow,ai,automation,gemini,genai,gpt,gpt-4,llm,low-code,mcp,nextjs,no-code,openai,orchestration,python,rag,workflow","[355, 416, 561, 560, 489, 418, 379]"
601205363,tenstorrent/tt-metal,1059,243,429.0,C++,2023-02-13,":metal: TT-NN operator library, and TT-Metalium low level kernel programming model.","accelerator,llama,llm,low-level-programming,metal,mistral,mixtral,ml,resnet,stable-diffusion,tenstorrent","[310, 321, 336, 367, 381, 397, 429]"
629635341,microsoft/vscode-copilot-release,976,132,158.0,,2023-04-18,Feedback on GitHub Copilot Chat UX in Visual Studio Code.,"ai,copilot,copilot-chat,copilot-x,vscode","[196, 257, 279, 366, 433, 402, 158]"
155220641,huggingface/transformers,147855,29898,320.0,Python,2018-10-29,"ü§ó Transformers: the model-definition framework for state-of-the-art machine learning models in text, vision, audio, and multimodal models, for both inference and training. ","audio,deep-learning,deepseek,gemma,glm,hacktoberfest,llm,machine-learning,model-hub,natural-language-processing,nlp,pretrained-models,python,pytorch,pytorch-transformers,qwen,speech-recognition,transformer,vlm","[314, 296, 317, 353, 332, 319, 320]"
805155266,CherryHQ/cherry-studio,30976,2727,313.0,TypeScript,2024-05-24,üçí Cherry Studio is a desktop client that supports for multiple LLM providers.,"agent,anthropic,assistant,chatbot,chatbotai,electron,llm,mcp-client,openai","[86, 288, 356, 394, 377, 330, 313]"
740303686,sgl-project/sglang,16555,2518,352.0,Python,2024-01-08,SGLang is a fast serving framework for large language models and vision language models.,"blackwell,cuda,deepseek,deepseek-r1,deepseek-v3,inference,kimi,llama,llama3,llama4,llama5,llava,llm,llm-serving,moe,openai,pytorch,qwen3,transformer,vlm","[180, 257, 302, 338, 365, 351, 352]"
658928958,ollama/ollama,148664,12663,200.0,Go,2023-06-26,"Get up and running with Llama 3.3, DeepSeek-R1, Phi-4, Gemma 3, Mistral Small 3.1 and other large language models.","deepseek,gemma,gemma3,gemma3n,go,golang,llama,llama2,llama3,llava,llm,llms,mistral,ollama,phi4,qwen","[281, 339, 327, 295, 273, 220, 200]"
99919302,apache/doris,14051,3516,280.0,Groovy,2017-08-10,"Apache Doris is an easy-to-use, high performance and unified analytics database.","agent,ai,bigquery,database,dbt,delta-lake,elt,hudi,iceberg,lakehouse,olap,paimon,query-engine,real-time,redshift,snowflake,spark,sql","[293, 287, 285, 284, 283, 281, 280]"
33884891,apache/airflow,41371,15405,323.0,Python,2015-04-13,"Apache Airflow - A platform to programmatically author, schedule, and monitor workflows","airflow,apache,apache-airflow,automation,dag,data-engineering,data-integration,data-orchestrator,data-pipelines,data-science,elt,etl,machine-learning,mlops,orchestration,python,scheduler,workflow,workflow-engine,workflow-orchestration","[253, 261, 283, 307, 298, 314, 323]"
153097643,openvinotoolkit/openvino,8668,2676,239.0,C++,2018-10-15,OpenVINO‚Ñ¢ is an open source toolkit for optimizing and deploying AI inference,"ai,computer-vision,deep-learning,deploy-ai,diffusion-models,generative-ai,good-first-issue,inference,llm-inference,natural-language-processing,nlp,openvino,optimize-ai,performance-boost,recommendation-system,speech-recognition,stable-diffusion,transformers,yolo","[275, 277, 281, 288, 259, 229, 239]"
671269505,BerriAI/litellm,26829,3717,251.0,Python,2023-07-27,"Python SDK, Proxy Server (LLM Gateway) to call 100+ LLM APIs in OpenAI format - [Bedrock, Azure, OpenAI, VertexAI, Cohere, Anthropic, Sagemaker, HuggingFace, Replicate, Groq]","ai-gateway,anthropic,azure-openai,bedrock,gateway,langchain,litellm,llm,llm-gateway,llmops,mcp-gateway,openai,openai-proxy,vertex-ai","[193, 230, 254, 274, 287, 267, 251]"
701547123,open-webui/open-webui,105134,14137,169.0,JavaScript,2023-10-06,"User-friendly AI Interface (Supports Ollama, OpenAI API, ...)","ai,llm,llm-ui,llm-webui,llms,mcp,ollama,ollama-webui,open-webui,openai,openapi,rag,self-hosted,ui,webui","[200, 286, 249, 244, 255, 206, 169]"
612354784,ggml-org/llama.cpp,83891,12548,239.0,C++,2023-03-10,LLM inference in C/C++,ggml,"[233, 236, 225, 236, 264, 241, 239]"
71932349,ray-project/ray,38302,6676,274.0,Python,2016-10-25,Ray is an AI compute engine. Ray consists of a core distributed runtime and a set of AI Libraries for accelerating ML workloads.,"data-science,deep-learning,deployment,distributed,hyperparameter-optimization,hyperparameter-search,large-language-models,llm,llm-inference,llm-serving,machine-learning,optimization,parallel,python,pytorch,ray,reinforcement-learning,rllib,serving,tensorflow","[212, 223, 236, 236, 241, 263, 274]"
193215554,n8n-io/n8n,126659,38752,281.0,TypeScript,2019-06-22,"Fair-code workflow automation platform with native AI capabilities. Combine visual building with custom code, self-host or cloud, 400+ integrations.","ai,apis,automation,cli,data-flow,development,integration-framework,integrations,ipaas,low-code,low-code-platform,mcp,mcp-client,mcp-server,n8n,no-code,self-hosted,typescript,workflow,workflow-automation","[159, 197, 233, 262, 274, 280, 281]"
535360445,ultralytics/ultralytics,43974,8585,139.0,Python,2022-09-11,Ultralytics YOLO üöÄ,"cli,computer-vision,deep-learning,hub,image-classification,instance-segmentation,machine-learning,object-detection,pose-estimation,python,pytorch,rotated-object-detection,segment-anything,tracking,ultralytics,yolo,yolo-world,yolo11,yolov10,yolov8","[247, 262, 232, 226, 206, 180, 139]"
65711522,PaddlePaddle/Paddle,23102,5775,198.0,C++,2016-08-15,PArallel Distributed Deep LEarning: Machine Learning Framework from Industrial Practice Ôºà„ÄéÈ£ûÊ°®„ÄèÊ†∏ÂøÉÊ°ÜÊû∂ÔºåÊ∑±Â∫¶Â≠¶‰π†&Êú∫Âô®Â≠¶‰π†È´òÊÄßËÉΩÂçïÊú∫„ÄÅÂàÜÂ∏ÉÂºèËÆ≠ÁªÉÂíåË∑®Âπ≥Âè∞ÈÉ®ÁΩ≤Ôºâ,"deep-learning,distributed-training,efficiency,machine-learning,neural-network,paddlepaddle,python,scalability","[242, 215, 209, 205, 199, 217, 198]"
730534580,infiniflow/ragflow,61640,6253,161.0,Python,2023-12-12,RAGFlow is an open-source RAG (Retrieval-Augmented Generation) engine based on deep document understanding.,"agent,agentic,agentic-ai,agentic-workflow,ai,ai-search,deep-learning,deep-research,deepseek,deepseek-r1,document-parser,document-understanding,graphrag,llm,mcp,multi-agent,ollama,openai,rag,retrieval-augmented-generation","[133, 190, 260, 247, 216, 184, 161]"
463628495,pytorch/executorch,3106,641,208.0,Python,2022-02-25,"On-device AI across mobile, embedded and edge for PyTorch","deep-learning,embedded,gpu,machine-learning,mobile,neural-network,tensor","[177, 199, 213, 204, 210, 207, 208]"
283046497,airbytehq/airbyte,19049,4689,166.0,Python,2020-07-27,"The leading data integration platform for ETL / ELT data pipelines from APIs, databases & files to data warehouses, data lakes & data lakehouses. Both self-hosted and Cloud-hosted.","bigquery,change-data-capture,data,data-analysis,data-collection,data-engineering,data-integration,data-pipeline,elt,etl,java,mssql,mysql,pipeline,postgresql,python,redshift,s3,self-hosted,snowflake","[215, 208, 201, 189, 194, 176, 166]"
200722670,NVIDIA/NeMo,15300,3032,149.0,Python,2019-08-05,"A scalable generative AI framework built for researchers and developers working on Large Language Models, Multimodal, and Speech AI (Automatic Speech Recognition and Text-to-Speech)","asr,deeplearning,generative-ai,large-language-models,machine-translation,multimodal,neural-networks,speaker-diariazation,speaker-recognition,speech-synthesis,speech-translation,tts","[184, 186, 191, 212, 223, 184, 149]"
156939672,microsoft/onnxruntime,17407,3377,190.0,C++,2018-11-10,"ONNX Runtime: cross-platform, high performance ML inferencing and training accelerator","ai-framework,deep-learning,hardware-acceleration,machine-learning,neural-networks,onnx,pytorch,scikit-learn,tensorflow","[204, 197, 197, 205, 185, 170, 190]"
214587193,supabase/supabase,86533,9388,178.0,TypeScript,2019-10-12,"The Postgres development platform. Supabase gives you a dedicated Postgres database to build your web, mobile, and AI applications.","ai,alternative,auth,database,deno,embeddings,example,firebase,nextjs,oauth2,pgvector,postgis,postgres,postgresql,postgrest,realtime,supabase,vectors,websockets","[187, 195, 187, 188, 191, 179, 178]"
862449441,stackblitz/bolt.new,15454,13378,22.0,TypeScript,2024-09-24,"Prompt, run, edit, and deploy full-stack web applications. -- bolt.new -- Help Center: https://support.bolt.new/ -- Community Support: https://discord.com/invite/stackblitz","ai-playground,anthropic,chatbot,webcontainers-api","[233, 219, 214, 194, 178, 82, 22]"
17165658,apache/spark,41604,28717,165.0,Scala,2014-02-25,Apache Spark - A unified analytics engine for large-scale data processing,"big-data,java,jdbc,python,r,scala,spark,sql","[221, 210, 192, 174, 165, 162, 165]"
644686905,continuedev/continue,28087,3274,134.0,TypeScript,2023-05-24,"‚è© Create, share, and use custom AI code assistants with our open-source IDE extensions and hub of rules, tools, and models","ai,chatgpt,copilot,developer-tools,intellij,jetbrains,llm,open-source,openai,pycharm,software-development,visual-studio-code,vscode","[143, 166, 175, 179, 180, 146, 134]"
599320067,langflow-ai/langflow,95122,7251,143.0,Python,2023-02-08,Langflow is a powerful tool for building and deploying AI-powered agents and workflows.,"agents,chatgpt,generative-ai,large-language-models,multiagent,react-flow","[171, 169, 160, 164, 160, 151, 143]"
826170402,elizaOS/eliza,16537,5290,60.0,TypeScript,2024-07-09,Autonomous agents for everyone,"agent,agentic,ai,autonomous,chatbot,crypto,discord,eliza,elizaos,framework,plugins,rag,slack,swarm,telegram","[293, 229, 163, 113, 88, 76, 60]"
643445235,lobehub/lobe-chat,64080,13314,105.0,TypeScript,2023-05-21,"ü§Ø Lobe Chat - an open-source, modern design AI chat framework. Supports multiple AI providers (OpenAI / Claude 4 / Gemini / DeepSeek / Ollama / Qwen), Knowledge Base (file upload / RAG ), one click install MCP Marketplace and Artifacts / Thinking. One-click FREE deployment of your private AI Agent application.","agent,ai,artifacts,chat,chatgpt,claude,deepseek,deepseek-r1,function-calling,gemini,gpt,knowledge-base,mcp,nextjs,ollama,openai,rag","[125, 204, 186, 166, 144, 113, 105]"
824874689,cline/cline,48658,6532,181.0,TypeScript,2024-07-06,"Autonomous coding agent right in your IDE, capable of creating/editing files, executing commands, using the browser, and more with your permission every step of the way.",,"[109, 133, 147, 163, 184, 175, 181]"
208728772,milvus-io/milvus,36351,3331,142.0,Go,2019-09-16,"Milvus is a high-performance, cloud-native vector database built for scalable vector ANN search","anns,cloud-native,diskann,distributed,embedding-database,embedding-similarity,embedding-store,faiss,golang,hnsw,image-search,llm,nearest-neighbor-search,rag,vector-database,vector-search,vector-similarity,vector-store","[162, 154, 154, 152, 145, 134, 142]"
589831718,comfyanonymous/ComfyUI,84372,9354,115.0,Python,2023-01-17,"The most powerful and modular diffusion model GUI, api and backend with a graph/nodes interface.","ai,python,pytorch,stable-diffusion","[153, 149, 144, 162, 161, 127, 115]"
679366051,NVIDIA/TensorRT-LLM,11219,1645,295.0,C++,2023-08-16,TensorRT-LLM provides users with an easy-to-use Python API to define Large Language Models (LLMs) and support state-of-the-art optimizations to perform inference efficiently on NVIDIA GPUs. TensorRT-LLM also contains components to create Python and C++ runtimes that orchestrate the inference execution in performant way.,"blackwell,cuda,llm-serving,moe,pytorch","[69, 60, 92, 162, 211, 249, 295]"
552661142,langchain-ai/langchain,112864,18447,95.0,Jupyter Notebook,2022-10-17,ü¶úüîó Build context-aware reasoning applications,"ai,anthropic,gemini,langchain,llm,openai,python","[186, 170, 143, 137, 103, 91, 95]"
498011141,huggingface/diffusers,30069,6173,99.0,Python,2022-05-30,"ü§ó Diffusers: State-of-the-art diffusion models for image, video, and audio generation in PyTorch and FLAX.","deep-learning,diffusion,flax,flux,hacktoberfest,image-generation,image2image,image2video,jax,latent-diffusion-models,pytorch,score-based-generative-modeling,stable-diffusion,stable-diffusion-diffusers,text2image,text2video,video2video","[160, 145, 122, 136, 121, 109, 99]"
937253475,anthropics/claude-code,27850,1562,417.0,PowerShell,2025-02-22,"Claude Code is an agentic coding tool that lives in your terminal, understands your codebase, and helps you code faster by executing routine tasks, explaining complex code, and handling git workflows - all through natural language commands.",,"[54, 109, 105, 144, 244, 417]"
158256479,apache/iceberg,7783,2704,132.0,Java,2018-11-19,Apache Iceberg,"apache,hacktoberfest,iceberg","[124, 130, 122, 132, 139, 133, 132]"
771302083,All-Hands-AI/OpenHands,61700,7333,132.0,Python,2024-03-13,"üôå OpenHands: Code Less, Make More","agent,artificial-intelligence,chatgpt,claude-ai,cli,developer-tools,gpt,llm,openai","[120, 127, 118, 131, 139, 135, 132]"
646410686,hiyouga/LLaMA-Factory,55513,6812,85.0,Python,2023-05-28,Unified Efficient Fine-Tuning of 100+ LLMs & VLMs (ACL 2024),"agent,ai,deepseek,fine-tuning,gemma,gpt,instruction-tuning,large-language-models,llama,llama3,llm,lora,moe,nlp,peft,qlora,quantization,qwen,rlhf,transformers","[125, 128, 138, 141, 128, 96, 85]"
881221486,volcengine/verl,11805,1997,193.0,Python,2024-10-31,verl: Volcano Engine Reinforcement Learning for LLMs,,"[21, 60, 112, 159, 176, 179, 193]"
334274271,opensearch-project/OpenSearch,11279,2319,118.0,Java,2021-01-29,üîé Open source distributed and RESTful search engine.,"analytics,apache2,foss,java,search,search-engine","[115, 115, 109, 123, 125, 122, 118]"
391740664,open-metadata/OpenMetadata,7230,1348,115.0,TypeScript,2021-08-01,"OpenMetadata is a unified metadata platform for data discovery, data observability, and data governance powered by a central metadata repository, in-depth column level lineage, and seamless team collaboration.","data-catalog,data-collaboration,data-contracts,data-discovery,data-governance,data-lineage,data-observability,data-profiling,data-quality,data-quality-checks,data-science,data-validation,datadiscovery,dataengineering,dataquality,dbt,metadata,metadata-management,snowflake","[120, 116, 118, 118, 118, 112, 115]"
23496542,triton-lang/triton,16380,2158,122.0,MLIR,2014-08-30,Development repository for the Triton language and compiler,,"[113, 116, 114, 114, 118, 122, 122]"
644461337,vercel/ai,16320,2675,145.0,TypeScript,2023-05-23,"The AI Toolkit for TypeScript. From the creators of Next.js, the AI SDK is a free open-source library for building AI-powered applications and agents ","anthropic,artificial-intelligence,gemini,generative-ai,generative-ui,javascript,language-model,llm,nextjs,openai,react,svelte,typescript,vercel,vue","[92, 112, 117, 133, 123, 114, 145]"
560704231,run-llama/llama_index,43500,6253,86.0,Python,2022-11-02,LlamaIndex is the leading framework for building LLM-powered agents over your data.,"agents,application,data,fine-tuning,framework,llamaindex,llm,multi-agents,rag,vector-database","[135, 121, 114, 110, 105, 103, 86]"
673412924,modelscope/ms-swift,9063,794,113.0,Python,2023-08-01,"Use PEFT or Full-parameter to CPT/SFT/DPO/GRPO 500+ LLMs (Qwen3, Qwen3-MoE, Llama4, GLM4.5, InternLM3, DeepSeek-R1, ...) and 200+ MLLMs (Qwen2.5-VL, Qwen2.5-Omni, Qwen2-Audio, Ovis2, InternVL3, Llava, GLM4v, Phi4, ...) (AAAI 2025).","deepseek-r1,deploy,embedding,grpo,internvl,liger,llama,llama4,llm,lora,megatron,multimodal,omni,open-r1,peft,qwen2-vl,qwen3,qwen3-moe,rft,sft","[86, 100, 120, 128, 135, 119, 113]"
725205304,unslothai/unsloth,43178,3471,92.0,Python,2023-11-29,"Fine-tuning & Reinforcement Learning for LLMs. ü¶• Train Qwen3, Llama 4, DeepSeek-R1, Gemma 3, TTS 2x faster with 70% less VRAM.","agent,ai,deepseek,deepseek-r1,fine-tuning,gemma,gemma3,llama,llama3,llm,llms,lora,mistral,openai,pytorch,qwen,qwen3,text-to-speech,tts,unsloth","[66, 106, 134, 134, 117, 101, 92]"
638629097,Aider-AI/aider,36331,3343,50.0,Python,2023-05-09,aider is AI pair programming in your terminal,"anthropic,chatgpt,claude-3,cli,command-line,gemini,gpt-3,gpt-35-turbo,gpt-4,gpt-4o,llama,openai,sonnet","[128, 128, 116, 110, 99, 73, 50]"
607289185,microsoft/semantic-kernel,25655,4100,77.0,C#,2023-02-27,Integrate cutting-edge LLM technology quickly and easily into your apps,"ai,artificial-intelligence,llm,openai,sdk","[91, 98, 105, 116, 119, 102, 77]"
958830659,google/adk-python,11477,1576,109.0,Python,2025-04-01,"An open-source, code-first Python toolkit for building, evaluating, and deploying sophisticated AI agents with flexibility and control.","agent,agentic,agentic-ai,agents,agents-sdk,ai,ai-agents,aiagentframework,genai,genai-chatbot,llm,llms,multi-agent,multi-agent-systems,multi-agents,multi-agents-collaboration","[73, 119, 118, 109]"
846698999,block/goose,18122,1541,139.0,Rust,2024-08-23,"an open source, extensible AI agent that goes beyond code suggestions - install, execute, edit, and test with any LLM",,"[71, 93, 98, 110, 118, 126, 139]"
881458615,browser-use/browser-use,66952,7724,97.0,Python,2024-10-31,üåê Make websites accessible for AI agents. Automate tasks online with ease.,"ai-agents,ai-tools,browser-automation,browser-use,llm,playwright,python","[64, 95, 111, 115, 113, 96, 97]"
818331198,pydantic/pydantic-ai,11416,1093,97.0,Python,2024-06-21,Agent Framework / shim to use Pydantic with LLMs,"agent-framework,llms,pydantic,python","[84, 85, 94, 113, 114, 104, 97]"
204086862,streamlit/streamlit,40751,3634,84.0,Python,2019-08-24,Streamlit ‚Äî A faster way to build and share data apps.,"data-analysis,data-science,data-visualization,deep-learning,developer-tools,machine-learning,python,streamlit","[97, 101, 99, 104, 102, 91, 84]"
46398090,datahub-project/datahub,10908,3178,102.0,Java,2015-11-18,The Metadata Platform for your Data and AI Stack,"data-catalog,data-discovery,data-governance,datahub,metadata","[91, 95, 96, 101, 106, 100, 102]"
154739597,jax-ml/jax,33002,3121,87.0,Python,2018-10-25,"Composable transformations of Python+NumPy programs: differentiate, vectorize, JIT to GPU/TPU, and more",jax,"[100, 102, 101, 101, 93, 85, 87]"
136202695,mlflow/mlflow,21449,4730,100.0,Python,2018-06-05,"The open source developer platform to build AI/LLM applications and models with confidence. Enhance your AI applications with end-to-end tracking, observability, and evaluations, all in one integrated platform.","agentops,agents,ai,ai-governance,apache-spark,evaluation,langchain,llm-evaluation,llmops,machine-learning,ml,mlflow,mlops,model-management,observability,open-source,openai,prompt-engineering","[90, 93, 94, 105, 104, 97, 100]"
488641606,agno-agi/agno,31212,3965,106.0,Python,2022-05-04,"Full-stack framework for building Multi-Agent Systems with memory, knowledge and reasoning.","agents,agi,ai,developer-tools,framework,python","[65, 82, 95, 107, 111, 103, 106]"
680120071,microsoft/autogen,48256,7369,52.0,Python,2023-08-18,A programming framework for agentic AI ü§ñ PyPi: autogen-agentchat Discord: https://aka.ms/autogen-discord Office Hour: https://aka.ms/autogen-officehour,"agentic,agentic-agi,agents,ai,autogen,autogen-ecosystem,chatgpt,framework,llm-agent,llm-framework","[100, 116, 103, 91, 82, 64, 52]"
600596928,danny-avila/LibreChat,28706,5251,93.0,TypeScript,2023-02-12,"Enhanced ChatGPT Clone: Features Agents, DeepSeek, Anthropic, AWS, OpenAI, Responses API, Azure, Groq, o1, GPT-4o, Mistral, OpenRouter, Vertex AI, Gemini, Artifacts, AI model switching, message search, Code Interpreter, langchain, DALL-E-3, OpenAPI Actions, Functions, Secure Multi-User Auth, Presets, open-source for self-hosting. Active project.","ai,anthropic,artifacts,aws,azure,chatgpt,chatgpt-clone,claude,clone,dall-e-3,deepseek,gemini,google,librechat,o1,openai,plugins,responses-api,vision,webui","[75, 86, 92, 98, 103, 97, 93]"
942206898,ai-dynamo/dynamo,4642,512,140.0,Rust,2025-03-03,A Datacenter Scale Distributed Inference Serving Framework,,"[39, 88, 110, 127, 140]"
676672661,langchain-ai/langgraph,16775,2870,101.0,Python,2023-08-09,Build resilient language agents as graphs.,,"[96, 91, 79, 84, 98, 95, 101]"
162405963,gradio-app/gradio,39322,3012,72.0,Python,2018-12-19,"Build and share delightful machine learning apps, all in Python. üåü Star to support our work!","data-analysis,data-science,data-visualization,deep-learning,deploy,gradio,gradio-interface,hacktoberfest,interface,machine-learning,models,python,python-notebook,ui,ui-components","[99, 92, 88, 90, 83, 73, 72]"
659402878,spring-projects/spring-ai,6329,1759,87.0,Java,2023-06-27,An Application Framework for AI Engineering,"artificial-intelligence,java,spring-ai","[61, 64, 69, 103, 122, 98, 87]"
291438522,siyuan-note/siyuan,36383,2258,65.0,TypeScript,2020-08-30,"A privacy-first, self-hosted, fully open source personal knowledge management software, written in typescript and golang.","anki,chatgpt,deepseek,electron,evernote,knowledge-base,local-first,markdown,note-taking,notes-app,notion,obsidian,ocr,ollama,openai,pdf,s3,self-hosted,webdav","[101, 90, 86, 86, 75, 75, 65]"
76474200,apache/hudi,5895,2430,65.0,Java,2016-12-14,"Upserts, Deletes And Incremental Processing on Big Data.","apacheflink,apachehudi,apachespark,bigdata,data-integration,datalake,hudi,incremental-processing,stream-processing","[85, 84, 91, 90, 84, 74, 65]"
707441527,livekit/agents,6961,1128,91.0,Python,2023-10-19,A powerful framework for building realtime voice AI agents ü§ñüéôÔ∏èüìπ ,"agents,ai,openai,real-time,video,voice","[57, 64, 81, 98, 105, 96, 91]"
605673387,labring/FastGPT,25366,6506,50.0,TypeScript,2023-02-23,"FastGPT is a knowledge-based platform built on the LLMs, offers a comprehensive suite of out-of-the-box capabilities such as data processing, RAG retrieval, and visual AI workflow orchestration, letting you easily develop and deploy complex question-answering systems without the need for extensive setup or configuration.","agent,claude,deepseek,llm,mcp,nextjs,openai,qwen,rag,workflow","[74, 86, 101, 94, 79, 63, 50]"
839037098,mastra-ai/mastra,15510,980,135.0,TypeScript,2024-08-06,"The TypeScript AI agent framework. ‚ö° Assistants, RAG, observability. Supports any LLM: GPT-4, Claude, Gemini, Llama.","agents,ai,chatbots,evals,javascript,llm,mcp,nextjs,nodejs,reactjs,tts,typescript,workflows","[26, 47, 79, 98, 115, 125, 135]"
843222,scikit-learn/scikit-learn,62888,26103,84.0,Python,2010-08-17,scikit-learn: machine learning in Python,"data-analysis,data-science,machine-learning,python,statistics","[80, 73, 78, 82, 89, 91, 84]"
890668799,modelcontextprotocol/servers,62815,7304,66.0,TypeScript,2024-11-19,Model Context Protocol Servers,,"[51, 38, 88, 114, 107, 81, 66]"
833984877,kvcache-ai/ktransformers,14782,1057,34.0,Python,2024-07-26,A Flexible Framework for Experiencing Cutting-edge LLM Inference Optimizations,,"[4, 138, 108, 102, 76, 50, 34]"
607845880,AI-Hypercomputer/maxtext,1849,394,83.0,Python,2023-02-28,"A simple, performant and scalable Jax LLM!","deepseek,fine-tuning,gemma2,gemma3,gpt,jax,large-language-models,llama2,llama3,llama4,llm,mistral,mixtral,sft","[57, 73, 86, 89, 85, 89, 83]"
139199684,PrefectHQ/prefect,19942,1901,44.0,Python,2018-06-29,Prefect is a workflow orchestration framework for building resilient data pipelines in Python.,"automation,data,data-engineering,data-ops,data-science,infrastructure,ml-ops,observability,orchestration,pipeline,prefect,python,workflow,workflow-engine","[101, 98, 92, 76, 65, 45, 44]"
86031674,wandb/wandb,10184,763,74.0,Python,2017-03-24,"The AI developer platform. Use Weights & Biases to train and fine-tune models, and manage models from experimentation to production.","ai,collaboration,data-science,data-versioning,deep-learning,experiment-track,hyperparameter-optimization,hyperparameter-search,hyperparameter-tuning,jax,keras,machine-learning,ml-platform,mlops,model-versioning,pytorch,reinforcement-learning,reproducibility,tensorflow","[92, 85, 74, 76, 74, 79, 74]"
631431061,apache/gravitino,1728,541,78.0,Java,2023-04-23,"World's most powerful open data catalog for building a high-performance, geo-distributed and federated metadata lake.","ai-catalog,data-catalog,datalake,federated-query,lakehouse,metadata,metalake,model-catalog,opendatacatalog,skycomputing,stratosphere","[92, 84, 78, 79, 71, 71, 78]"
447060287,apache/paimon,2914,1196,68.0,Java,2022-01-12,Apache Paimon is a lake format that enables building a Realtime Lakehouse Architecture with Flink and Spark for both streaming and batch operations.,"big-data,data-ingestion,flink,paimon,real-time-analytics,spark,streaming-datalake,table-store","[82, 82, 79, 83, 76, 65, 68]"
1005970753,mannaandpoem/OpenManus,81,20,,,2025-06-21,,,[164]
842586148,yetone/avante.nvim,15439,693,60.0,Lua,2024-08-14,Use your Neovim like using Cursor AI IDE!,,"[57, 75, 89, 79, 81, 79, 60]"
208145128,iree-org/iree,3268,737,83.0,C++,2019-09-12,A retargetable MLIR-based machine learning compiler and runtime toolkit.,"compiler,cuda,jax,machine-learning,mlir,onnx,pytorch,runtime,spirv,tensorflow,vulkan","[83, 80, 74, 75, 73, 78, 83]"
678526156,marimo-team/marimo,15068,623,82.0,Python,2023-08-14,"A reactive notebook for Python ‚Äî run reproducible experiments, query with SQL, execute as a script, deploy as an app, and version with git. All in a modern, AI-native editor.","artificial-intelligence,dag,data-science,data-visualization,dataflow,developer-tools,machine-learning,notebooks,pipeline,python,reactive,sql,web-app","[62, 65, 73, 83, 85, 86, 82]"
192640529,HumanSignal/label-studio,24041,2959,79.0,JavaScript,2019-06-19,Label Studio is a multi-type data labeling and annotation tool with standardized output format,"annotation,annotation-tool,annotations,boundingbox,computer-vision,data-labeling,dataset,datasets,deep-learning,image-annotation,image-classification,image-labeling,image-labelling-tool,label-studio,labeling,labeling-tool,mlops,semantic-segmentation,text-annotation,yolo","[71, 68, 69, 76, 80, 82, 79]"
642497346,langfuse/langfuse,14616,1341,76.0,TypeScript,2023-05-18,"ü™¢ Open source LLM engineering platform: LLM Observability, metrics, evals, prompt management, playground, datasets. Integrates with OpenTelemetry, Langchain, OpenAI SDK, LiteLLM, and more. üçäYC W23 ","analytics,autogen,evaluation,langchain,large-language-models,llama-index,llm,llm-evaluation,llm-observability,llmops,monitoring,observability,open-source,openai,playground,prompt-engineering,prompt-management,self-hosted,ycombinator","[68, 73, 77, 77, 72, 70, 76]"
634043200,modular/modular,24590,2680,98.0,Mojo,2023-04-28,The Modular Platform (includes MAX & Mojo),"ai,language,machine-learning,max,modular,mojo,programming-language","[64, 59, 59, 75, 91, 90, 98]"
55072677,weaviate/weaviate,14098,1023,68.0,Go,2016-03-30,"Weaviate is an open-source vector database that stores both objects and vectors, allowing for the combination of vector search with structured filtering with the fault tolerance and scalability of a cloud-native database‚Äã.","approximate-nearest-neighbor-search,generative-search,grpc,hnsw,hybrid-search,image-search,information-retrieval,mlops,nearest-neighbor-search,neural-search,recommender-system,search-engine,semantic-search,semantic-search-engine,similarity-search,vector-database,vector-search,vector-search-engine,vectors,weaviate","[72, 74, 72, 74, 77, 69, 68]"
710601088,crewAIInc/crewAI,35260,4716,55.0,Python,2023-10-27,"Framework for orchestrating role-playing, autonomous AI agents. By fostering collaborative intelligence, CrewAI empowers agents to work together seamlessly, tackling complex tasks.","agents,ai,ai-agents,aiagentframework,llms","[70, 81, 80, 73, 72, 56, 55]"
691347156,1Panel-dev/MaxKB,17523,2278,55.0,Python,2023-09-14,üî• MaxKB is an open-source platform for building enterprise-grade agents.  MaxKB ÊòØÂº∫Â§ßÊòìÁî®ÁöÑÂºÄÊ∫ê‰ºÅ‰∏öÁ∫ßÊô∫ËÉΩ‰ΩìÂπ≥Âè∞„ÄÇ,"agent,agentic-ai,chatbot,deepseek-r1,knowledgebase,langchain,llama3,llm,maxkb,mcp-server,ollama,pgvector,qwen3,rag","[54, 80, 81, 80, 71, 59, 55]"
296416761,NVIDIA/cccl,1820,247,69.0,C++,2020-09-17,CUDA Core Compute Libraries,"accelerated-computing,cpp,cpp-programming,cuda,cuda-cpp,cuda-kernels,cuda-library,cuda-programming,gpu,gpu-acceleration,gpu-computing,gpu-programming,hpc,modern-cpp,nvidia,nvidia-gpu,parallel-algorithm,parallel-computing,parallel-programming","[64, 68, 71, 76, 74, 71, 69]"
90506918,rapidsai/cudf,9098,962,70.0,C++,2017-05-07,cuDF - GPU DataFrame Library ,"arrow,cpp,cuda,cudf,dask,data-analysis,data-science,dataframe,gpu,pandas,pydata,python,rapids","[72, 68, 70, 71, 75, 71, 70]"
5108051,opencv/opencv,83369,56240,60.0,C++,2012-07-19,Open Source Computer Vision Library,"c-plus-plus,computer-vision,deep-learning,image-processing,opencv","[79, 72, 80, 70, 64, 62, 60]"
631517165,intel/intel-xpu-backend-for-triton,197,68,62.0,MLIR,2023-04-23,OpenAI Triton backend for Intel¬Æ GPUs,,"[73, 74, 71, 69, 67, 66, 62]"
615510678,camel-ai/camel,13710,1485,74.0,Python,2023-03-17,üê´ CAMEL: The first and the best multi-agent framework. Finding the Scaling Law of Agents. https://www.camel-ai.org,"agent,ai-societies,artificial-intelligence,communicative-ai,cooperative-ai,deep-learning,large-language-models,multi-agent-systems,natural-language-processing","[47, 56, 70, 81, 82, 82, 74]"
546206616,chroma-core/chroma,21455,1696,72.0,Rust,2022-10-05,Open-source search and retrieval database for AI applications.,"document-retrieval,embeddings,llms","[65, 66, 67, 76, 74, 74, 72]"
390032985,ROCm/composable_kernel,443,220,95.0,C++,2021-07-27,Composable Kernel: Performance Portable Programming Model for Machine Learning Tensor Operators,,"[62, 60, 67, 74, 76, 83, 95]"
66823715,intel/ipex-llm,8178,1365,31.0,Python,2016-08-29,"Accelerate local LLM inference and finetuning (LLaMA, Mistral, ChatGLM, Qwen, DeepSeek, Mixtral, Gemma, Phi, MiniCPM, Qwen-VL, MiniCPM-V, etc.) on Intel XPU (e.g., local PC with iGPU and NPU, discrete GPU such as Arc, Flex and Max); seamlessly integrate with llama.cpp, Ollama, HuggingFace, LangChain, LlamaIndex, vLLM, DeepSpeed, Axolotl, etc.","gpu,llm,pytorch,transformers","[84, 84, 82, 68, 58, 47, 31]"
45717250,tensorflow/tensorflow,191039,74755,39.0,C++,2015-11-07,An Open Source Machine Learning Framework for Everyone,"deep-learning,deep-neural-networks,distributed,machine-learning,ml,neural-network,python,tensorflow","[95, 87, 71, 59, 61, 38, 39]"
793795224,firebase/genkit,2666,338,58.0,TypeScript,2024-04-29,"An open source framework for building AI-powered apps with familiar code-centric patterns. Genkit makes it easy to develop, integrate, and test AI features with observability and evaluations. Genkit works with various models and platforms.","agents,ai,embedders,genkit,llm,machine-learning,multimodal,rag,vector-database","[67, 75, 68, 69, 65, 66, 58]"
515647260,1Panel-dev/1Panel,30455,2660,84.0,Go,2022-07-19,"üî• 1Panel provides an intuitive web interface and MCP Server to manage websites, files, containers, databases, and LLMs on a Linux server.","1panel,cockpit,docker,docker-ui,lamp,linux,lnmp,ollama,webmin","[64, 65, 63, 60, 70, 85, 84]"
239001792,Azure/AgentBaker,125,227,59.0,Go,2020-02-07,"Agent Baker is aiming to provide a centralized, portable k8s agent node provisioning lib as well as rich support on different OS image with optimized k8s binaries.","agent,cloud-init,k8s,os,vhd","[75, 78, 75, 69, 56, 55, 59]"
182849188,delta-io/delta,8188,1884,69.0,Scala,2019-04-22,"An open-source storage framework that enables building a Lakehouse architecture with compute engines including Spark, PrestoDB, Flink, Trino, and Hive and APIs","acid,analytics,big-data,delta-lake,spark","[62, 60, 70, 73, 71, 72, 69]"
946380199,openai/openai-agents-python,13225,2111,72.0,Python,2025-03-11,"A lightweight, powerful framework for multi-agent workflows","agents,ai,framework,llm,openai,python","[64, 73, 70, 60, 72]"
926087200,xinnan-tech/xiaozhi-esp32-server,6054,2048,82.0,Python,2025-02-02,"Êú¨È°πÁõÆ‰∏∫xiaozhi-esp32Êèê‰æõÂêéÁ´ØÊúçÂä°ÔºåÂ∏ÆÂä©ÊÇ®Âø´ÈÄüÊê≠Âª∫ESP32ËÆæÂ§áÊéßÂà∂ÊúçÂä°Âô®„ÄÇBackend service for xiaozhi-esp32, helps you quickly build an ESP32 device control server.","dify,esp32,mcp-server,xiaozhi,xiaozhi-ai,xiaozhi-esp32,xiaozhi-server","[17, 57, 85, 94, 82, 82]"
653496050,xorbitsai/inference,8328,722,56.0,Python,2023-06-14,"Replace OpenAI GPT with another LLM in your app by changing a single line of code. Xinference gives you the freedom to use any LLM you need. With Xinference, you're empowered to run inference with any open-source language models, speech recognition models, and multimodal models, whether in the cloud, on-premises, or even on your laptop.","artificial-intelligence,chatglm,deployment,flan-t5,gemma,ggml,glm4,inference,llama,llama3,llamacpp,llm,machine-learning,mistral,openai-api,pytorch,qwen,vllm,whisper,wizardlm","[53, 64, 68, 70, 76, 71, 56]"
464909502,huggingface/optimum-habana,191,265,41.0,Python,2022-03-01,Easy and lightning fast training of ü§ó Transformers on Habana Gaudi processor (HPU),"bert,fine-tuning,habana,hpu,transformers","[90, 82, 72, 63, 52, 44, 41]"
649170660,Mintplex-Labs/anything-llm,47410,4833,49.0,JavaScript,2023-06-04,"The all-in-one Desktop & Docker AI application with built-in RAG, AI agents, No-code agent builder, MCP compatibility,  and more.","ai-agents,custom-ai-agents,deepseek,kimi,llama3,llm,lmstudio,local-llm,localai,mcp,mcp-servers,moonshot,multimodal,no-code,ollama,qwen3,rag,vector-database,web-scraping","[67, 85, 72, 66, 58, 49, 49]"
523007292,openxla/xla,3395,609,51.0,C++,2022-08-09,"A machine learning compiler for GPUs, CPUs, and ML accelerators",,"[68, 68, 71, 61, 59, 59, 51]"
968197216,google-gemini/gemini-cli,66881,6491,391.0,TypeScript,2025-04-17,An open-source AI agent that brings the power of Gemini directly into your terminal.,"gemini,gemini-api","[191, 391]"
638951438,comet-ml/opik,12161,840,69.0,Python,2023-05-10,"Debug, evaluate, and monitor your LLM applications, RAG systems, and agentic workflows with comprehensive tracing, automated evaluations, and production-ready dashboards.","langchain,llama-index,llm,llm-evaluation,llm-observability,llmops,open-source,openai,playground,prompt-engineering","[51, 55, 58, 69, 75, 76, 69]"
222824662,dagger/dagger,14426,770,45.0,Go,2019-11-20,An open-source runtime for composable workflows. Great for AI agents and CI/CD.,"agents,ai,caching,ci-cd,containers,continuous-deployment,continuous-integration,dag,dagger,devops,docker,graphql,workflows","[65, 68, 67, 69, 64, 53, 45]"
736272311,pipecat-ai/pipecat,7359,1139,64.0,Python,2023-12-27,Open Source framework for voice and multimodal conversational AI,"ai,chatbot-framework,chatbots,real-time,voice,voice-assistant","[53, 59, 55, 70, 76, 64, 64]"
866513204,HKUDS/LightRAG,19083,2684,38.0,Python,2024-10-02,"""LightRAG: Simple and Fast Retrieval-Augmented Generation""","genai,gpt,gpt-4,graphrag,knowledge-graph,large-language-models,llm,rag,retrieval-augmented-generation","[54, 64, 73, 73, 66, 44, 38]"
654122609,InternLM/lmdeploy,6819,587,47.0,Python,2023-06-15,"LMDeploy is a toolkit for compressing, deploying, and serving LLMs.","codellama,cuda-kernels,deepspeed,fastertransformer,internlm,llama,llama2,llama3,llm,llm-inference,turbomind","[70, 64, 68, 65, 56, 48, 47]"
975734319,sst/opencode,17071,1060,195.0,Go,2025-04-30,"AI coding agent, built for the terminal.",,"[19, 102, 195]"
575865240,AstrBotDevs/AstrBot,11125,788,73.0,Python,2022-12-08,‚ú® Êòì‰∏äÊâãÁöÑÂ§öÂπ≥Âè∞ LLM ËÅäÂ§©Êú∫Âô®‰∫∫ÂèäÂºÄÂèëÊ°ÜÊû∂ ‚ú® ÊîØÊåÅ QQ„ÄÅQQÈ¢ëÈÅì„ÄÅTelegram„ÄÅ‰ºÅÂæÆ„ÄÅÈ£û‰π¶„ÄÅÈíâÈíâ | Áü•ËØÜÂ∫ì„ÄÅMCP ÊúçÂä°Âô®„ÄÅOpenAI„ÄÅDeepSeek„ÄÅGemini„ÄÅÁ°ÖÂü∫ÊµÅÂä®„ÄÅÊúà‰πãÊöóÈù¢„ÄÅOllama„ÄÅOneAPI„ÄÅDify,"agent,ai,chatbot,chatgpt,docker,gemini,gpt,llama,llm,mcp,openai,python,qq,qqbot,qqchannel,telegram","[8, 50, 72, 79, 82, 73, 73]"
712225112,Genesis-Embodied-AI/Genesis,26957,2448,46.0,Python,2023-10-31,A generative world for general-purpose robotics & embodied AI learning.,,"[95, 67, 52, 50, 47, 45, 46]"
268163609,qdrant/qdrant,25100,1734,51.0,Rust,2020-05-30,"Qdrant - High-performance, massive-scale Vector Database and Vector Search Engine for the next generation of AI. Also available in the cloud https://cloud.qdrant.io/","ai-search,ai-search-engine,embeddings-similarity,hnsw,image-search,knn-algorithm,machine-learning,mlops,nearest-neighbor-search,neural-network,neural-search,recommender-system,search,search-engine,search-engines,similarity-search,vector-database,vector-search,vector-search-engine","[59, 59, 60, 58, 57, 54, 51]"
33015583,keras-team/keras,63269,19599,40.0,Python,2015-03-28,Deep Learning for humans,"data-science,deep-learning,jax,machine-learning,neural-networks,python,pytorch,tensorflow","[62, 59, 64, 60, 56, 48, 40]"
826168160,docling-project/docling,35169,2386,52.0,Python,2024-07-09,Get your documents ready for gen AI,"ai,convert,document-parser,document-parsing,documents,docx,html,markdown,pdf,pdf-converter,pdf-to-json,pdf-to-text,pptx,tables,xlsx","[52, 54, 53, 58, 66, 60, 52]"
775149161,opea-project/GenAIExamples,662,305,48.0,Shell,2024-03-20,"Generative AI Examples is a collection of GenAI examples such as ChatQnA, Copilot, which illustrate the pipeline capabilities of the Open Platform for Enterprise AI (OPEA) project.","chatqna,codegen,copilot,gaudi2,genai,llms,rag,summarization,tgi,xeon","[54, 57, 53, 59, 59, 54, 48]"
573661753,activepieces/activepieces,16124,2288,71.0,TypeScript,2022-12-03,AI Agents & MCPs & AI Workflow Automation ‚Ä¢ (280+ MCP servers for AI agents) ‚Ä¢ AI Automation / AI Agent with MCPs ‚Ä¢ AI Workflows & AI Agents ‚Ä¢ MCPs for AI Agents,"ai-agent,ai-agent-tools,ai-agents,ai-agents-framework,mcp,mcp-server,mcp-tools,mcps,n8n-alternative,no-code-automation,workflow,workflow-automation,workflows","[51, 47, 48, 55, 66, 66, 71]"
564072810,Arize-ai/phoenix,6543,511,66.0,Jupyter Notebook,2022-11-09,AI Observability & Evaluation,"agents,ai-monitoring,ai-observability,aiengineering,anthropic,datasets,evals,langchain,llamaindex,llm-eval,llm-evaluation,llmops,llms,openai,prompt-engineering,smolagents","[53, 54, 50, 52, 60, 64, 66]"
656264456,langchain4j/langchain4j,8586,1578,51.0,Java,2023-06-20,Java version of LangChain,"anthropic,chatgpt,chroma,embeddings,gemini,gpt,huggingface,java,langchain,llama,milvus,ollama,onnx,openai,openai-api,pgvector,pinecone,vector-database,weaviate","[64, 54, 54, 48, 52, 54, 51]"
235860204,deepspeedai/DeepSpeed,39603,4500,43.0,Python,2020-01-23,"DeepSpeed is a deep learning optimization library that makes distributed training and inference easy, efficient, and effective.","billion-parameters,compression,data-parallelism,deep-learning,gpu,inference,machine-learning,mixture-of-experts,model-parallelism,pipeline-parallelism,pytorch,trillion-parameters,zero","[65, 65, 58, 50, 45, 47, 43]"
205706595,mlrun/mlrun,1564,271,56.0,Python,2019-09-01,"MLRun is an open source MLOps platform for quickly building and managing continuous ML applications across their lifecycle. MLRun integrates into your development and CI/CD environment and automates the delivery of production data, ML pipelines, and online applications.","data-engineering,data-science,experiment-tracking,kubernetes,machine-learning,mlops,mlops-workflow,model-serving,python,workflow","[56, 56, 51, 54, 55, 58, 56]"
979115477,bytedance/deer-flow,15954,2013,37.0,Python,2025-05-07,"DeerFlow is a community-driven Deep Research framework, combining language models with tools like web search, crawling, and Python execution, while contributing back to the open-source community.","agent,agentic,agentic-framework,agentic-workflow,ai,ai-agents,bytedance,deep-research,langchain,langgraph,langmanus,llm,multi-agent,nodejs,podcast,python,typescript","[62, 47, 37]"
924058625,vllm-project/vllm-ascend,950,298,117.0,Python,2025-01-29,Community maintained hardware plugin for vLLM on Ascend,"ascend,inference,llm,llm-serving,llmops,mlops,model-serving,transformer,vllm","[0, 27, 46, 65, 86, 99, 117]"
525592995,invoke-ai/InvokeAI,25630,2628,48.0,TypeScript,2022-08-17,"Invoke is a leading creative engine for Stable Diffusion models, empowering professionals, artists, and enthusiasts to generate and create visual media using the latest AI-driven technologies. The solution offers an industry leading WebUI, and serves as the foundation for multiple commercial products.","ai-art,artificial-intelligence,generative-art,image-generation,img2img,inpainting,latent-diffusion,linux,macos,outpainting,stable-diffusion,txt2img,windows","[60, 58, 58, 55, 47, 47, 48]"
139156354,cvat-ai/cvat,14179,3301,49.0,Python,2018-06-29,"Annotate better with CVAT, the industry-leading data engine for machine learning. Used and trusted by teams at any scale, for data of any scale.","annotation,annotation-tool,annotations,boundingbox,computer-vision,computer-vision-annotation,dataset,deep-learning,image-annotation,image-classification,image-labeling,image-labelling-tool,imagenet,labeling,labeling-tool,object-detection,pytorch,semantic-segmentation,tensorflow,video-annotation","[56, 54, 55, 54, 52, 50, 49]"
60377070,vespa-engine/vespa,6266,654,46.0,Java,2016-06-03,"AI + Data, online. https://vespa.ai","ai,big-data,cpp,java,machine-learning,search-engine,server,serving,serving-recommendation,tensorflow,vector-search,vespa","[49, 53, 55, 56, 59, 48, 46]"
707869465,pytorch/torchtune,5378,660,31.0,Python,2023-10-20,PyTorch native post-training library,,"[61, 60, 50, 50, 54, 42, 31]"
621803253,FlowiseAI/Flowise,42264,21671,49.0,TypeScript,2023-03-31,"Build AI Agents, Visually","agentic-ai,agentic-workflow,agents,artificial-intelligence,chatbot,chatgpt,javascript,langchain,large-language-models,low-code,multiagent-systems,no-code,openai,rag,react,typescript,workflow-automation","[61, 57, 48, 47, 47, 51, 49]"
539057023,NVIDIA/TransformerEngine,2598,471,58.0,Python,2022-09-20,"A library for accelerating Transformer models on NVIDIA GPUs, including using 8-bit floating point (FP8) precision on Hopper, Ada and Blackwell GPUs, to provide better performance with lower memory utilization in both training and inference.","cuda,deep-learning,fp8,gpu,jax,machine-learning,python,pytorch","[43, 42, 55, 58, 58, 54, 58]"
799049436,gpustack/gpustack,3204,324,48.0,Python,2024-05-11,"Simple, scalable AI model deployment on GPU clusters","ascend,cuda,deepseek,distributed-inference,genai,heterogeneous-cluster,inference,llama,llamacpp,llm,llm-inference,llm-serving,local-ai,maas,metal,mindie,openai,qwen,rocm,vllm","[35, 54, 56, 59, 55, 47, 48]"
633262635,onyx-dot-app/onyx,13254,1800,46.0,Python,2023-04-27,Gen-AI Chat for Teams - Think ChatGPT if it had access to your team's unique knowledge.,"ai-chat,chatgpt,enterprise-search,gen-ai,information-retrieval,nextjs,python,rag","[50, 50, 51, 54, 51, 48, 46]"
833306239,containers/ramalama,1961,228,50.0,Python,2024-07-24,"RamaLama is an open-source developer tool that simplifies the local serving of AI models from any source and facilitates their use for inference in production, all through the familiar language of containers.","ai,containers,cuda,hip,inference-server,intel,llamacpp,llm,podman,vllm","[38, 53, 49, 56, 52, 51, 50]"
823430322,FunAudioLLM/CosyVoice,15548,1660,32.0,Python,2024-07-03,"Multi-lingual large voice generation model, providing inference, training and deployment full-stack ability.","audio-generation,cantonese,chatbot,chatgpt,chinese,cosyvoice,cross-lingual,english,fine-grained,fine-tuning,gpt-4o,japanese,korean,multi-lingual,natural-language-generation,python,text-to-speech,tts,voice-cloning","[60, 52, 47, 54, 48, 40, 32]"
633927609,promptfoo/promptfoo,7848,638,47.0,TypeScript,2023-04-28,"Test your prompts, agents, and RAGs. AI Red teaming, pentesting, and vulnerability scanning for LLMs. Compare performance of GPT, Claude, Gemini, Llama, and more. Simple declarative configs with command line and CI/CD integration.","ci,ci-cd,cicd,evaluation,evaluation-framework,llm,llm-eval,llm-evaluation,llm-evaluation-framework,llmops,pentesting,prompt-engineering,prompt-testing,prompts,rag,red-teaming,testing,vulnerability-scanners","[46, 52, 48, 51, 51, 50, 47]"
526514610,dust-tt/dust,1171,148,60.0,TypeScript,2022-08-19,Custom AI assistant platform to speed up your work.,"agents,large-language-models,llm,rust","[44, 45, 45, 51, 53, 59, 60]"
156293205,pytorch/xla,2648,558,48.0,Python,2018-11-05,Enabling PyTorch on XLA Devices (e.g. Google TPU),"compiler,deep-learning,pytorch,xla","[48, 44, 43, 50, 58, 55, 48]"
26783295,Kong/kong,41451,4958,17.0,Lua,2014-11-17,ü¶ç The Cloud-Native API Gateway and AI Gateway.,"ai,ai-gateway,api-gateway,api-management,apis,artificial-intelligence,cloud-native,devops,kubernetes,kubernetes-ingress,kubernetes-ingress-controller,llm-gateway,llm-ops,luajit,microservice,microservices,nginx,openai-proxy,reverse-proxy,serverless","[79, 76, 47, 38, 33, 22, 17]"
656099147,mem0ai/mem0,37771,3915,54.0,Python,2023-06-20,Universal memory layer for AI Agents; Announcing OpenMemory MCP - local and secure memory management.,"agent,ai,aiagent,application,chatbots,chatgpt,embeddings,llm,long-term-memory,memory,memory-management,python,rag,state-management,vector-database","[31, 31, 35, 39, 60, 55, 54]"
494232964,Dao-AILab/flash-attention,18702,1864,22.0,Python,2022-05-19,Fast and memory-efficient exact attention,,"[30, 30, 30, 36, 30, 25, 22]"
448599559,deepflowio/deepflow,3442,384,41.0,Go,2022-01-16,eBPF Observability - Distributed Tracing and Profiling,"apm,gpu,kubernetes,llm,opentelemetry,wasm,zero-code","[54, 51, 49, 46, 46, 41, 41]"
175592968,volcano-sh/volcano,4859,1176,41.0,Go,2019-03-14,A Cloud Native Batch System (Project under CNCF),"ai,batch-systems,bigdata,gene,golang,hpc,kubernetes,machine-learning,serving,training","[37, 35, 41, 40, 44, 37, 41]"
669331976,flashinfer-ai/flashinfer,3471,411,41.0,C++,2023-07-22,FlashInfer: Kernel Library for LLM Serving,"attention,cuda,distributed-inference,gpu,jit,large-large-models,llm-inference,moe,nvidia,pytorch","[25, 40, 34, 31, 26, 31, 41]"
541798154,Unstructured-IO/unstructured,12226,1010,17.0,HTML,2022-09-26,"Convert documents to structured data effortlessly. Unstructured is open-source ETL solution for transforming complex documents into clean, structured formats for language models.  Visit our website to learn more about our enterprise grade Platform product for production grade workflows, partitioning, enrichments, chunking and embedding.","data-pipelines,deep-learning,document-image-analysis,document-image-processing,document-parser,document-parsing,docx,donut,information-retrieval,langchain,llm,machine-learning,ml,natural-language-processing,nlp,ocr,pdf,pdf-to-json,pdf-to-text,preprocessing","[24, 24, 18, 16, 12, 11, 17]"
357241735,searxng/searxng,20879,2125,28.0,Python,2021-04-12,SearXNG is a free internet metasearch engine which aggregates results from various search services and databases. Users are neither tracked nor profiled.,"hacktoberfest,metasearch,metasearch-engine,python,search,searxng","[30, 32, 37, 33, 37, 32, 28]"
762304524,ComposioHQ/composio,25601,4382,28.0,TypeScript,2024-02-23,Composio equips your AI agents & LLMs with 100+ high-quality integrations via function calling,"agents,ai,ai-agents,aiagents,developer-tools,function-calling,gpt-4,gpt-4o,hacktoberfest,hacktoberfest2024,javascript,js,llm,llmops,mcp,python,remote-mcp-server,sse,typescript","[26, 27, 31, 26, 18, 22, 28]"
314197645,zenml-io/zenml,4782,531,27.0,Python,2020-11-19,ZenML üôè: MLOps for Reliable AI: from Classical AI to Agents. https://zenml.io.,"ai,automl,data-science,deep-learning,devops-tools,hacktoberfest,llm,llmops,machine-learning,metadata-tracking,ml,mlops,pipelines,production-ready,pytorch,tensorflow,workflow,zenml","[25, 23, 25, 27, 27, 27, 27]"
614765452,Significant-Gravitas/AutoGPT,177470,45920,41.0,Python,2023-03-16,"AutoGPT is the vision of accessible AI for everyone, to use and to build on. Our mission is to provide the tools, so that you can focus on what matters.","ai,artificial-intelligence,autonomous-agents,gpt-4,llama-api,openai,python","[49, 52, 47, 44, 43, 41, 41]"
178976529,bentoml/BentoML,7958,861,9.0,Python,2019-04-02,"The easiest way to serve AI apps and models - Build Model Inference APIs, Job queues, LLM apps, Multi-model pipelines, and more!","ai-inference,deep-learning,generative-ai,inference-platform,llm,llm-inference,llm-serving,llmops,machine-learning,ml-engineering,mlops,model-inference-service,model-serving,multimodal,python","[15, 15, 15, 13, 14, 9, 9]"
662766482,qodo-ai/pr-agent,8560,1009,22.0,Python,2023-07-05,"üöÄ PR-Agent (Qodo Merge open-source): An AI-Powered ü§ñ Tool for Automated Pull Request Analysis, Feedback, Suggestions and More! üíªüîç","code-review,codereview,coding-assistant,devtools,gpt-4,openai,pull-request,pull-requests","[23, 28, 28, 28, 28, 26, 22]"
631254164,songquanpeng/one-api,26498,5329,5.0,JavaScript,2023-04-22,"LLM API ÁÆ°ÁêÜ & ÂàÜÂèëÁ≥ªÁªüÔºåÊîØÊåÅ OpenAI„ÄÅAzure„ÄÅAnthropic Claude„ÄÅGoogle Gemini„ÄÅDeepSeek„ÄÅÂ≠óËäÇË±ÜÂåÖ„ÄÅChatGLM„ÄÅÊñáÂøÉ‰∏ÄË®Ä„ÄÅËÆØÈ£ûÊòüÁÅ´„ÄÅÈÄö‰πâÂçÉÈóÆ„ÄÅ360 Êô∫ËÑë„ÄÅËÖæËÆØÊ∑∑ÂÖÉÁ≠â‰∏ªÊµÅÊ®°ÂûãÔºåÁªü‰∏Ä API ÈÄÇÈÖçÔºåÂèØÁî®‰∫é key ÁÆ°ÁêÜ‰∏é‰∫åÊ¨°ÂàÜÂèë„ÄÇÂçïÂèØÊâßË°åÊñá‰ª∂ÔºåÊèê‰æõ Docker ÈïúÂÉèÔºå‰∏ÄÈîÆÈÉ®ÁΩ≤ÔºåÂºÄÁÆ±Âç≥Áî®„ÄÇLLM API management & key redistribution system, unifying multiple providers under a single API. Single binary, Docker-ready, with an English UI.","api,api-gateway,azure-openai-api,chatgpt,claude,ernie-bot,gemini,gpt,openai,openai-api,proxy","[23, 35, 28, 20, 12, 7, 5]"
599524116,SillyTavern/SillyTavern,17014,3742,38.0,JavaScript,2023-02-09,LLM Frontend for Power Users.,"ai,chat,llm","[49, 50, 47, 51, 45, 38, 38]"
221654678,deepset-ai/haystack,21746,2289,24.0,Python,2019-11-14,"AI orchestration framework to build customizable, production-ready LLM applications. Connect components (models, vector DBs, file converters) to pipelines or agents that can interact with your data. With advanced retrieval methods, it's best suited for building RAG, question answering, semantic search or conversational agent chatbots.","agent,agents,ai,gemini,generative-ai,gpt-4,information-retrieval,large-language-models,llm,machine-learning,nlp,orchestration,python,pytorch,question-answering,rag,retrieval-augmented-generation,semantic-search,summarization,transformers","[30, 32, 34, 36, 33, 24, 24]"
634081686,mlc-ai/mlc-llm,21068,1784,7.0,Python,2023-04-29,Universal LLM Deployment Engine with ML Compilation,"language-model,llm,machine-learning-compilation,tvm","[20, 17, 19, 15, 10, 7, 7]"
612344730,ChatGPTNextWeb/NextChat,85275,61075,8.0,TypeScript,2023-03-10,‚ú® Light and Fast AI Assistant. Support: Web | iOS | MacOS | Android |  Linux | Windows,"calclaude,chatgpt,claude,cross-platform,desktop,fe,gemini,gemini-pro,gemini-server,gemini-ultra,gpt-4o,groq,nextjs,ollama,react,tauri,tauri-app,vercel,webui","[40, 61, 37, 25, 17, 12, 8]"
28782747,dask/dask,13377,1792,8.0,Python,2015-01-04,Parallel computing with task scheduling,"dask,numpy,pandas,pydata,python,scikit-learn,scipy","[20, 23, 19, 19, 15, 9, 8]"
607441698,lancedb/lancedb,7237,562,18.0,Python,2023-02-28,"Developer-friendly, embedded retrieval engine for multimodal AI. Search More; Manage Less.","approximate-nearest-neighbor-search,image-search,nearest-neighbor-search,recommender-system,search-engine,semantic-search,similarity-search,vector-database","[30, 32, 31, 30, 22, 21, 18]"
672415139,OpenRLHF/OpenRLHF,7565,737,21.0,Python,2023-07-30,"An Easy-to-use, Scalable and High-performance RLHF Framework based on Ray (PPO & GRPO & REINFORCE++ & vLLM & Ray & Dynamic Sampling & Async Agentic RL)","large-language-models,openai-o1,proximal-policy-optimization,raylib,reinforcement-learning,reinforcement-learning-from-human-feedback,transformers,vllm","[35, 39, 47, 44, 34, 25, 21]"
422274596,hpcaitech/ColossalAI,41064,4526,8.0,Python,2021-10-28,"Making large AI models cheaper, faster and more accessible","ai,big-model,data-parallelism,deep-learning,distributed-computing,foundation-models,heterogeneous-training,hpc,inference,large-scale,model-parallelism,pipeline-parallelism","[19, 21, 14, 15, 14, 12, 8]"
778431525,microsoft/graphrag,27021,2806,19.0,Python,2024-03-27,A modular graph-based Retrieval-Augmented Generation (RAG) system,"gpt,gpt-4,gpt4,graphrag,llm,llms,rag","[53, 45, 39, 33, 28, 20, 19]"
46153892,NVIDIA/nccl,3911,975,17.0,C++,2015-11-14,Optimized primitives for collective multi-GPU communication,,"[24, 20, 18, 18, 17, 15, 17]"
547806116,huggingface/text-generation-inference,10386,1221,10.0,Python,2022-10-08,Large Language Model Text Generation Inference,"bloom,deep-learning,falcon,gpt,inference,nlp,pytorch,starcoder,transformer","[46, 53, 37, 29, 26, 19, 10]"
703411624,letta-ai/letta,17623,1843,17.0,Python,2023-10-11,"Letta (formerly MemGPT) is the stateful agents framework with memory, reasoning, and context management.","ai,ai-agents,llm,llm-agent","[35, 25, 24, 25, 22, 17, 17]"
527591471,AUTOMATIC1111/stable-diffusion-webui,155208,28795,9.0,Python,2022-08-22,Stable Diffusion web UI,"ai,ai-art,deep-learning,diffusion,gradio,image-generation,image2image,img2img,pytorch,stable-diffusion,text2image,torch,txt2img,unstable,upscaling,web","[20, 18, 17, 15, 12, 7, 9]"
615882673,lm-sys/FastChat,38932,4733,1.0,Python,2023-03-19,"An open platform for training, serving, and evaluating large language models. Release repo for Vicuna and Chatbot Arena.",,"[16, 16, 8, 5, 3, 3, 1]"
112542515,NVIDIA/cutlass,8169,1363,34.0,C++,2017-11-30,CUDA Templates for Linear Algebra Subroutines,"cpp,cuda,deep-learning,deep-learning-library,gpu,nvidia","[35, 39, 34, 35, 37, 33, 34]"
178075572,kserve/kserve,4413,1226,24.0,Python,2019-03-27,Standardized Serverless ML Inference Platform on Kubernetes,"artificial-intelligence,genai,hacktoberfest,istio,k8s,knative,kserve,kubeflow,kubernetes,llm-inference,machine-learning,mlops,model-interpretability,model-serving,pytorch,service-mesh,sklearn,tensorflow,xgboost","[30, 28, 27, 30, 28, 29, 24]"
819733173,kvcache-ai/Mooncake,3704,338,36.0,C++,2024-06-25,"Mooncake is the serving platform for Kimi, a leading LLM service provided by Moonshot AI.",,"[15, 18, 20, 26, 35, 35, 36]"
176982014,NVIDIA/Megatron-LM,13065,2972,27.0,Python,2019-03-21,Ongoing research training transformer models at scale,"large-language-models,model-para,transformers","[14, 20, 22, 23, 21, 19, 27]"
131619646,dagster-io/dagster,13700,1778,149.0,Python,2018-04-30,"An orchestration platform for the development, production, and observation of data assets.","analytics,dagster,data-engineering,data-integration,data-orchestrator,data-pipelines,data-science,etl,metadata,mlops,orchestration,python,scheduler,workflow,workflow-automation","[179, 174, 169, 170, 170, 160, 149]"
954873280,google/A2A,18825,1891,,TypeScript,2025-03-25,An open protocol enabling communication and interoperability between opaque agentic applications.,"a2a,a2a-mcp,a2a-protocol,a2a-server,agents,generative-ai",[49]
216628419,flyteorg/flyte,6397,738,29.0,Go,2019-10-21,"Scalable and flexible workflow orchestration platform that seamlessly unifies data, ML and analytics stacks.","data,data-analysis,data-science,dataops,declarative,fine-tuning,flyte,golang,grpc,hacktoberfest,kubernetes,kubernetes-operator,llm,machine-learning,mlops,orchestration-engine,production,python,scale,workflow","[42, 40, 44, 37, 39, 33, 29]"
53548867,dbt-labs/dbt-core,11200,1781,25.0,Python,2016-03-10,dbt enables data analysts and engineers to transform their data using the same practices that software engineers use to build applications.,"analytics,business-intelligence,data-modeling,dbt-viewpoint,elt,pypa,slack","[39, 39, 36, 39, 35, 31, 25]"
942114501,camel-ai/owl,17738,2058,8.0,Python,2025-03-03,ü¶â OWL: Optimized Workforce Learning for General Multi-Agent Assistance in Real-World Task Automation,"agent,artificial-intelligence,multi-agent-systems,task-automation,web-interaction","[64, 35, 21, 11, 8]"
654124617,open-compass/opencompass,5797,637,24.0,Python,2023-06-15,"OpenCompass is an LLM evaluation platform, supporting a wide range of models (Llama3, Mistral, InternLM2,GPT-4,LLaMa2, Qwen,GLM, Claude, etc) over 100+ datasets.","benchmark,chatgpt,evaluation,large-language-model,llama2,llama3,llm,openai","[33, 29, 32, 37, 38, 32, 24]"
656099147,mem0ai/mem0,37771,3915,54.0,Python,2023-06-20,Universal memory layer for AI Agents; Announcing OpenMemory MCP - local and secure memory management.,"agent,ai,aiagent,application,chatbots,chatgpt,embeddings,llm,long-term-memory,memory,memory-management,python,rag,state-management,vector-database","[31, 31, 35, 39, 60, 55, 54]"
660551251,FoundationAgents/MetaGPT,57666,6935,4.0,Python,2023-06-30,"üåü The Multi-Agent Framework: First AI Software Company, Towards Natural Language Programming","agent,gpt,llm,metagpt,multi-agent","[17, 17, 20, 13, 11, 8, 4]"
534011733,Farama-Foundation/Gymnasium,9795,1077,5.0,Python,2022-09-08,"An API standard for single-agent reinforcement learning environments, with popular reference environments and related utilities (formerly Gym)","api,gym,reinforcement-learning","[9, 12, 12, 8, 9, 8, 5]"
784181462,ItzCrazyKns/Perplexica,23346,2437,10.0,TypeScript,2024-04-09,Perplexica is an AI-powered search engine. It is an Open source alternative to Perplexity AI,"ai-search-engine,artificial-intelligence,machine-learning,open-source-ai-search-engine,open-source-perplexity-ai,perplexica,perplexity-ai,search-engine,searxng,searxng-copilot","[23, 21, 22, 22, 12, 12, 10]"
724854743,ml-explore/mlx,21804,1302,31.0,C++,2023-11-28,MLX: An array framework for Apple silicon,mlx,"[30, 34, 34, 37, 33, 30, 31]"
614764248,TabbyML/tabby,31886,1547,13.0,Rust,2023-03-16,Self-hosted AI coding assistant,"ai,codegen,coding-assistant,coding-language,developer-experience,developer-tools,gen-ai,ide,llms","[39, 42, 40, 39, 37, 21, 13]"
359952601,pgvector/pgvector,16882,836,5.0,C,2021-04-20,Open-source vector similarity search for Postgres,"approximate-nearest-neighbor-search,nearest-neighbor-search","[13, 12, 10, 9, 8, 5, 5]"
860252770,microsoft/OmniParser,23135,1960,4.0,Jupyter Notebook,2024-09-20,A simple screen parsing tool towards pure vision based GUI agent,,"[8, 27, 23, 12, 9, 4, 4]"
151636194,triton-inference-server/server,9576,1621,16.0,Python,2018-10-04,The Triton Inference Server provides an optimized cloud and edge inferencing solution. ,"cloud,datacenter,deep-learning,edge,gpu,inference,machine-learning","[47, 41, 38, 35, 25, 20, 16]"
610260322,chatboxai/chatbox,36064,3464,24.0,TypeScript,2023-03-06,"User-friendly Desktop Client App for AI Models/LLMs (GPT, Claude, Gemini, Ollama...)","assistant,chatbot,chatgpt,claude,copilot,deepseek,gpt,gpt-4,ollama,openai","[29, 50, 41, 35, 24, 23, 24]"
820144741,iterative/datachain,2619,116,19.0,Python,2024-06-25,"ETL, Analytics, Versioning for Unstructured Data","ai,cv,data-analytics,data-wrangling,embeddings,llm,llm-eval,machine-learning,mlops,multimodal","[31, 27, 28, 24, 19, 19, 19]"
933928679,deepseek-ai/DeepEP,8346,883,27.0,Cuda,2025-02-17,DeepEP: an efficient expert-parallel communication library,,"[11, 21, 22, 20, 24, 27]"
761150311,Zipstack/unstract,5598,523,37.0,Python,2024-02-21,No-code LLM Platform to launch APIs and ETL Pipelines to structure unstructured documents,"etl-pipeline,llm-platform,unstructured-data","[32, 27, 33, 39, 38, 36, 37]"
621799276,chatchat-space/Langchain-Chatchat,35773,5982,6.0,TypeScript,2023-03-31,"Langchain-ChatchatÔºàÂéüLangchain-ChatGLMÔºâÂü∫‰∫é Langchain ‰∏é ChatGLM, Qwen ‰∏é Llama Á≠âËØ≠Ë®ÄÊ®°ÂûãÁöÑ RAG ‰∏é Agent Â∫îÁî® | Langchain-Chatchat (formerly langchain-ChatGLM), local knowledge based LLM (like ChatGLM, Qwen and Llama) RAG and Agent app with langchain ","chatbot,chatchat,chatglm,chatgpt,embedding,faiss,fastchat,gpt,knowledge-base,langchain,langchain-chatglm,llama,llm,milvus,ollama,qwen,rag,retrieval-augmented-generation,streamlit,xinference","[19, 15, 16, 14, 10, 8, 6]"
839372398,zaidmukaddam/scira,10297,1268,9.0,TypeScript,2024-08-07,Scira (Formerly MiniPerplx) is a minimalistic AI-powered search engine that helps you find information on the internet and cites it too. Powered by Vercel AI SDK! Search with models like xAI's Grok 3.,"ai-search-engine,aisearch,anthropic,grok,llama4,openai,qwen","[8, 11, 11, 9, 11, 9, 9]"
949271792,mindverse/Second-Me,13748,1016,9.0,Python,2025-03-16,"Train your AI self, amplify you, bridge the world",,"[17, 31, 29, 15, 9]"
813348592,vllm-project/aibrix,3985,412,38.0,Go,2024-06-10,Cost-efficient and pluggable Infrastructure components for GenAI inference,,"[10, 22, 28, 37, 37, 38]"
627480054,eosphoros-ai/DB-GPT,17080,2372,23.0,Python,2023-04-13,AI Native Data App Development framework with AWEL(Agentic Workflow Expression Language) and Agents,"agents,bgi,database,deepseek,gpt,gpt-4,hacktoberfest,llm,private,rag,security,vicuna","[38, 33, 42, 43, 33, 23, 23]"
619959033,nomic-ai/gpt4all,73944,8067,2.0,C++,2023-03-27,GPT4All: Run Local LLMs on Any Device. Open-source and available for commercial use.,"ai-chat,llm-inference","[43, 43, 25, 11, 6, 4, 2]"
580642043,oobabooga/text-generation-webui,44550,5739,22.0,Python,2022-12-21,"LLM UI with advanced features, easy setup, and multiple backend support.",,"[32, 28, 23, 25, 31, 27, 22]"
209120637,Netflix/metaflow,9351,867,23.0,Python,2019-09-17,"Build, Manage and Deploy AI/ML Systems","agents,ai,aws,azure,data-science,datascience,gcp,generative-ai,high-performance-computing,kubernetes,llm,llmops,machine-learning,ml,ml-infrastructure,ml-platform,mlops,model-management,python","[24, 28, 27, 24, 27, 23, 23]"
814708478,unitycatalog/unitycatalog,3028,499,4.0,Python,2024-06-13,"Open, Multi-modal Catalog for Data & AI",,"[33, 29, 23, 17, 14, 10, 4]"
507775,elastic/elasticsearch,73423,25359,335.0,Java,2010-02-08,"Free and Open Source, Distributed, RESTful Search Engine","elasticsearch,java,search-engine","[364, 348, 341, 344, 348, 340, 335]"
