repo_id,repo_name,stars,forks,openrank_25,language,created_at,description
4542716,NixOS/nixpkgs,20928,16076,2061,Nix,2012-06-04,Nix Packages collection & NixOS
75821432,llvm/llvm-project,33250,14336,1820,LLVM,2016-12-07,The LLVM Project is a collection of modular and reusable compiler and toolchain technologies.
12888993,home-assistant/core,79861,34181,1074,Python,2013-09-17,:house_with_garden: Open source home automation that puts local control and privacy first.
65600975,pytorch/pytorch,91116,24551,924,Python,2016-08-13,Tensors and Dynamic neural networks in Python with strong GPU acceleration
19745004,odoo/odoo,43858,28431,905,Python,2014-05-13,Odoo. Open Source Apps To Grow Your Business.
59771425,zephyrproject-rtos/zephyr,12393,7568,778,C,2016-05-26,"Primary Git Repository for the Zephyr Project. Zephyr is a new generation, scalable, optimized, secure RTOS for multiple hardware architectures."
41881900,microsoft/vscode,174004,33373,731,TypeScript,2015-09-03,Visual Studio Code
197275551,microsoft/winget-pkgs,9493,5180,715,PowerShell,2019-07-16,The Microsoft community Windows Package Manager manifest repository
7833168,elastic/kibana,20558,8386,655,TypeScript,2013-01-26,Your window into the Elastic Stack
808144141,DigitalPlatDev/FreeDomain,62256,1199,654,HTML,2024-05-30,DigitalPlat FreeDomain: Free Domain For Everyone
599547518,vllm-project/vllm,51034,8401,634,Python,2023-02-09,A high-throughput and memory-efficient inference and serving engine for LLMs
15634981,godotengine/godot,98466,22706,625,C++,2014-01-04,Godot Engine ‚Äì Multi-platform 2D and 3D game engine
31792824,flutter/flutter,171203,28794,603,Dart,2015-03-06,Flutter makes it easy and fast to build beautiful apps for mobile and beyond
285902689,Expensify/App,4312,3276,565,TypeScript,2020-08-07,"Welcome to New Expensify: a complete re-imagination of financial collaboration, centered around chat. Help us build the next generation of Expensify by sharing feedback and contributing to the code."
340547520,zed-industries/zed,62009,4605,523,Rust,2021-02-20,"Code at the speed of thought ‚Äì Zed is a high-performance, multiplayer code editor from the creators of Atom and Tree-sitter."
133843125,department-of-veterans-affairs/va.gov-team,338,223,508,HTML,2018-05-17,Public resources for building on and in support of VA.gov. Visit complete Knowledge Hub:
15111821,grafana/grafana,68706,12731,507,TypeScript,2013-12-11,"The open and composable observability and data visualization platform. Visualize metrics, logs, and traces from multiple sources like Prometheus, Loki, Elasticsearch, InfluxDB, Postgres and many more. "
724712,rust-lang/rust,104684,13475,487,Rust,2010-06-16,Empowering everyone to build reliable and efficient software.
626805178,langgenius/dify,105117,15843,476,TypeScript,2023-04-12,Production-ready platform for agentic workflow development.
632909818,digitalinnovationone/dio-lab-open-source,7615,54557,453,Jupyter Notebook,2023-04-26,"Reposit√≥rio do lab ""Contribuindo em um Projeto Open Source no GitHub"" da Digital Innovation One."
149121954,openjdk/jdk,21257,6066,422,Java,2018-09-17,JDK main-line development https://openjdk.org/projects/jdk
320636477,WebKit/WebKit,8771,1596,412,JavaScript,2020-12-11,"Home of the WebKit project, the browser engine used by Safari, Mail, App Store and many other applications on macOS, iOS and Linux."
301216792,is-a-dev/register,6636,12493,404,JavaScript,2020-10-04,Grab your own sweet-looking '.is-a.dev' subdomain.
489754271,Kas-tle/java2bedrock.sh,303,139,393,Shell,2022-05-07,Converts 2D and 3D item predicates from Minecraft Java Edition to Minecraft Bedrock Edition
45936895,Automattic/wp-calypso,12565,2005,390,TypeScript,2015-11-10,The JavaScript and API powered WordPress.com
60246359,ClickHouse/ClickHouse,41425,7431,389,C++,2016-06-02,ClickHouse¬Æ is a real-time analytics database management system
210716005,dotnet/runtime,16574,5061,384,C#,2019-09-24,".NET is a cross-platform runtime for cloud, mobile, desktop, and IoT apps."
21740844,openshift/openshift-docs,819,1819,366,HTML,2014-07-11,OpenShift 3 and 4 product and community documentation
81598961,python/cpython,67685,32225,363,Python,2017-02-10,The Python programming language
75224144,openshift/release,298,1912,362,Shell,2016-11-30,Release tooling for OpenShift
873328,getsentry/sentry,41220,4382,350,Python,2010-08-30,Developer-first error tracking and performance monitoring
365697493,leanprover-community/mathlib4,2121,585,350,Lean,2021-05-09,The math library of Lean 4
507775,elastic/elasticsearch,73073,25303,349,Java,2010-02-08,"Free and Open Source, Distributed, RESTful Search Engine"
601205363,tenstorrent/tt-metal,962,211,343,C++,2023-02-13,":metal: TT-NN operator library, and TT-Metalium low level kernel programming model."
68720867,firstcontributions/first-contributions,49108,87688,336,,2016-09-20,üöÄ‚ú® Help beginners to contribute to open source projects
357728969,oven-sh/bun,78824,3175,332,Zig,2021-04-14,"Incredibly fast JavaScript runtime, bundler, test runner, and package manager ‚Äì all in one"
778556932,zen-browser/desktop,33523,939,330,C++,2024-03-28,Welcome to a calmer internet
49970739,DataDog/datadog-agent,3152,1321,329,Go,2016-01-19,Main repository for Datadog Agent
65750241,expo/expo,41361,7431,323,TypeScript,2016-08-15,"An open-source framework for making universal native apps with React. Expo runs on Android, iOS, and the web."
155220641,huggingface/transformers,146201,29492,323,Python,2018-10-29,"ü§ó Transformers: the model-definition framework for state-of-the-art machine learning models in text, vision, audio, and multimodal models, for both inference and training. "
70107786,vercel/next.js,132812,28720,319,JavaScript,2016-10-05,The React Framework
24410210,JetBrains/swot,1977,27136,313,Kotlin,2014-09-24,Identify email addresses or domains names that belong to colleges or universities. Help automate the process of approving or rejecting academic discounts.
629635341,microsoft/vscode-copilot-release,937,130,306,,2023-04-18,Feedback on GitHub Copilot Chat UX in Visual Studio Code.
20580498,kubernetes/kubernetes,116029,40860,304,Go,2014-06-06,Production-Grade Container Scheduling and Management
658928958,ollama/ollama,145102,12248,303,Go,2023-06-26,"Get up and running with Llama 3.3, DeepSeek-R1, Phi-4, Gemma 3, Mistral Small 3.1 and other large language models."
805155266,CherryHQ/cherry-studio,29164,2536,300,TypeScript,2024-05-24,üçí Cherry Studio is a desktop client that supports for multiple LLM providers.
2179920,woocommerce/woocommerce,9834,10758,296,PHP,2011-08-09,"A customizable, open-source ecommerce platform built on WordPress. Build any commerce solution you can imagine."
740303686,sgl-project/sglang,15554,2215,288,Python,2024-01-08,SGLang is a fast serving framework for large language models and vision language models.
408858330,raycast/extensions,6390,4100,288,TypeScript,2021-09-21,Everything you need to extend Raycast.
99919302,apache/doris,13872,3479,286,Java,2017-08-10,"Apache Doris is an easy-to-use, high performance and unified analytics database."
2310495,ceph/ceph,15178,6101,284,C++,2011-09-01,"Ceph is a distributed object, block, and file storage platform "
33884891,apache/airflow,40772,15246,280,Python,2015-04-13,"Apache Airflow - A platform to programmatically author, schedule, and monitor workflows"
153097643,openvinotoolkit/openvino,8501,2638,276,C++,2018-10-15,OpenVINO‚Ñ¢ is an open source toolkit for optimizing and deploying AI inference
699532645,astral-sh/uv,59716,1698,272,Rust,2023-10-02,"An extremely fast Python package and project manager, written in Rust."
92001425,space-wizards/space-station-14,3144,4403,270,C#,2017-05-22,A multiplayer game about paranoia and chaos on a space station. Remake of the cult-classic Space Station 13.
2967233,DataDog/documentation,521,1175,255,JavaScript,2011-12-12,The source for Datadog's documentation site.
456549280,ydb-platform/ydb,4491,695,249,C++,2022-02-07,YDB is an open source Distributed SQL Database that combines high availability and scalability with strong consistency and ACID transactions
671269505,BerriAI/litellm,24719,3344,248,Python,2023-07-27,"Python SDK, Proxy Server (LLM Gateway) to call 100+ LLM APIs in OpenAI format - [Bedrock, Azure, OpenAI, VertexAI, Cohere, Anthropic, Sagemaker, HuggingFace, Replicate, Groq]"
385958416,AliceO2Group/O2Physics,48,565,247,C++,2021-07-14,ALICE O2 Analysis repository
701547123,open-webui/open-webui,100639,13367,247,JavaScript,2023-10-06,"User-friendly AI Interface (Supports Ollama, OpenAI API, ...)"
39093389,Azure/azure-rest-api-specs,2887,5370,241,TypeSpec,2015-07-14,The source for REST API specifications for Microsoft Azure.
30203935,metabase/metabase,42531,5667,241,Clojure,2015-02-02,The easy-to-use open source Business Intelligence and Embedded Analytics tool that lets everyone work with data :bar_chart:
33202667,department-of-veterans-affairs/vets-website,251,137,239,JavaScript,2015-03-31,Frontend for VA.gov
5736080,FreeCAD/FreeCAD,25171,4635,239,C++,2012-09-09,"Official source code of FreeCAD, a free and opensource multiplatform 3D parametric modeler."
292673424,cloudflare/cloudflare-docs,3718,6984,236,MDX,2020-09-03,Cloudflare‚Äôs documentation
3234987,tgstation/tgstation,1819,4987,236,DM,2012-01-21,The /tg/station branch of SS13.
45821540,openwrt/openwrt,22888,11312,235,C,2015-11-09,This repository is a mirror of https://git.openwrt.org/openwrt/openwrt.git It is for reference only and is not active for check-ins.  We will continue to accept Pull Requests here. They will be merged via staging trees then into openwrt.git.
535360445,ultralytics/ultralytics,42481,8294,235,Python,2022-09-11,Ultralytics YOLO11 üöÄ
48109239,cilium/cilium,21913,3289,230,Go,2015-12-16,"eBPF-based Networking, Security, and Observability"
71932349,ray-project/ray,37752,6536,230,Python,2016-10-25,Ray is an AI compute engine. Ray consists of a core distributed runtime and a set of AI Libraries for accelerating ML workloads.
262395224,dotnet/maui,22768,1850,229,C#,2020-05-08,".NET MAUI is the .NET Multi-platform App UI, a framework for building native device applications spanning mobile, tablet, and desktop."
60525392,demisto/content,1195,1792,228,Python,2016-06-06,Demisto is now Cortex XSOAR. Automate and orchestrate your Security Operations with Cortex XSOAR's ever-growing Content Repository. Pull Requests are always welcome and highly appreciated! 
121516035,nrfconnect/sdk-nrf,1094,1329,227,C,2018-02-14,nRF Connect SDK main repository
193215554,n8n-io/n8n,113377,33115,225,TypeScript,2019-06-22,"Fair-code workflow automation platform with native AI capabilities. Combine visual building with custom code, self-host or cloud, 400+ integrations."
128636610,Koenkk/zigbee2mqtt,13660,1801,224,TypeScript,2018-04-08,"Zigbee üêù to MQTT bridge üåâ, get rid of your proprietary Zigbee bridges üî®"
52331602,openjournals/joss-reviews,758,42,223,,2016-02-23,Reviews for the Journal of Open Source Software
62409417,department-of-veterans-affairs/vets-api,234,72,218,Ruby,2016-07-01,API powering VA.gov
166008577,intel/llvm,1347,787,217,LLVM,2019-01-16,Intel staging area for llvm.org contribution. Home for Intel LLVM-based projects.
184456251,microsoft/PowerToys,120355,7130,216,C#,2019-05-01,Windows system utilities to maximize productivity
65711522,PaddlePaddle/Paddle,22928,5761,214,C++,2016-08-15,PArallel Distributed Deep LEarning: Machine Learning Framework from Industrial Practice Ôºà„ÄéÈ£ûÊ°®„ÄèÊ†∏ÂøÉÊ°ÜÊû∂ÔºåÊ∑±Â∫¶Â≠¶‰π†&Êú∫Âô®Â≠¶‰π†È´òÊÄßËÉΩÂçïÊú∫„ÄÅÂàÜÂ∏ÉÂºèËÆ≠ÁªÉÂíåË∑®Âπ≥Âè∞ÈÉ®ÁΩ≤Ôºâ
53538899,bitwarden/clients,10377,1409,213,TypeScript,2016-03-09,"Bitwarden client apps (web, browser extension, desktop, and cli)."
44838949,swiftlang/swift,68770,10491,213,C++,2015-10-23,The Swift Programming Language
15231212,Automattic/jetpack,1696,822,212,PHP,2013-12-16,"Security, performance, marketing, and design tools ‚Äî Jetpack is made by WordPress experts to make WP sites safer and faster, and help you grow your traffic."
16563587,cockroachdb/cockroach,31031,3927,212,Go,2014-02-06,"CockroachDB ‚Äî the cloud native, distributed SQL database designed for high availability, effortless scale, and control over data placement."
402945349,StarRocks/starrocks,10216,2043,210,Java,2021-09-04,"The world's fastest open query engine for sub-second analytics both on and off the data lakehouse. With the flexibility to support nearly any scenario, StarRocks provides best-in-class performance for multi-dimensional analytics, real-time analytics, and ad-hoc queries. A Linux Foundation project."
730534580,infiniflow/ragflow,58543,5789,209,Python,2023-12-12,RAGFlow is an open-source RAG (Retrieval-Augmented Generation) engine based on deep document understanding.
455229168,immich-app/immich,69312,3640,208,TypeScript,2022-02-03,High performance self-hosted photo and video management solution.
29028775,facebook/react-native,122866,24735,208,C++,2015-01-09,A framework for building native applications using React
862449441,stackblitz/bolt.new,15138,12867,208,TypeScript,2024-09-24,"Prompt, run, edit, and deploy full-stack web applications. -- bolt.new -- Help Center: https://support.bolt.new/ -- Community Support: https://discord.com/invite/stackblitz"
404565294,DaoCloud/public-image-mirror,10566,1237,207,Shell,2021-09-09,ÂæàÂ§öÈïúÂÉèÈÉΩÂú®ÂõΩÂ§ñ„ÄÇÊØîÂ¶Ç gcr „ÄÇÂõΩÂÜÖ‰∏ãËΩΩÂæàÊÖ¢ÔºåÈúÄË¶ÅÂä†ÈÄü„ÄÇËá¥Âäõ‰∫éÊèê‰æõËøûÊé•ÂÖ®‰∏ñÁïåÁöÑÁ®≥ÂÆöÂèØÈù†ÂÆâÂÖ®ÁöÑÂÆπÂô®ÈïúÂÉèÊúçÂä°„ÄÇ
447379217,ibm-developer-skills-network/jbbmo-Introduction-to-Git-and-GitHub,73,28037,206,Python,2022-01-12,Introduction to Git and GitHub
52558133,sonic-net/sonic-mgmt,215,849,205,Python,2016-02-25,Configuration management examples for SONiC
68312233,microsoft/vcpkg,25125,6944,202,CMake,2016-09-15,"C++ Library Manager for Windows, Linux, and MacOS"
11125589,keycloak/keycloak,27961,7416,201,Java,2013-07-02,Open Source Identity and Access Management For Modern Applications and Services
283046497,airbytehq/airbyte,18550,4619,201,Python,2020-07-27,"The leading data integration platform for ETL / ELT data pipelines from APIs, databases & files to data warehouses, data lakes & data lakehouses. Both self-hosted and Cloud-hosted."
463628495,pytorch/executorch,2993,608,200,Python,2022-02-25,"On-device AI across mobile, embedded and edge for PyTorch"
52855516,Homebrew/homebrew-core,14431,12880,200,Ruby,2016-03-01,üçª Default formulae for the missing package manager for macOS (or Linux)
200722670,NVIDIA/NeMo,14954,2959,199,Python,2019-08-05,"A scalable generative AI framework built for researchers and developers working on Large Language Models, Multimodal, and Speech AI (Automatic Speech Recognition and Text-to-Speech)"
23096959,golang/go,128617,18223,198,Go,2014-08-19,The Go programming language
31558937,gravitational/teleport,18701,1869,198,Go,2015-03-02,"The easiest, and most secure way to access and protect all of your infrastructure."
156939672,microsoft/onnxruntime,17040,3302,198,C++,2018-11-10,"ONNX Runtime: cross-platform, high performance ML inferencing and training accelerator"
17165658,apache/spark,41373,28651,192,Scala,2014-02-25,Apache Spark - A unified analytics engine for large-scale data processing
612354784,ggml-org/llama.cpp,82367,12225,239,C++,2023-03-10,LLM inference in C/C++
906029781,ArweaveOasis/Arweave-Academy,713,7150,223,TypeScript,2024-12-20,"Your one-stop journey to mastering Arweave AO development, organized by ArweaveOasis."
234798675,bevyengine/bevy,40322,3973,191,Rust,2020-01-18,A refreshingly simple data-driven game engine built in Rust
5973855,CleverRaven/Cataclysm-DDA,11389,4326,191,C++,2012-09-26,Cataclysm - Dark Days Ahead. A turn-based survival game set in a post-apocalyptic world.
214587193,supabase/supabase,85048,9068,190,TypeScript,2019-10-12,"The Postgres development platform. Supabase gives you a dedicated Postgres database to build your web, mobile, and AI applications."
3623050,Homebrew/homebrew-cask,21420,10985,187,Ruby,2012-03-05,üçª A CLI workflow for the administration of macOS applications distributed as binaries
196414933,open-telemetry/opentelemetry-collector-contrib,3669,2845,185,Go,2019-07-11,Contrib repository for the OpenTelemetry Collector
244694174,project-chip/connectedhomeip,8017,2197,185,C++,2020-03-03,"Matter (formerly Project CHIP) creates more connections between more objects, simplifying development for manufacturers and increasing compatibility for consumers, guided by the Connectivity Standards Alliance."
80862584,WordPress/gutenberg,11289,4438,184,JavaScript,2017-02-03,The Block Editor project for WordPress and beyond. Plugin is available from the official repository.
40499714,gentoo/gentoo,2219,2121,184,Shell,2015-08-10,[MIRROR] Official Gentoo ebuild repository
54298946,camunda/camunda,3692,676,183,Java,2016-03-20,Process Orchestration Framework
235901813,PostHog/posthog,27488,1760,182,Python,2020-01-23,"ü¶î PostHog provides open-source web & product analytics, session recording, feature flagging and A/B testing that you can self-host. Get started - free."
2211243,apache/kafka,30366,14473,180,Java,2011-08-15,Mirror of Apache Kafka
137503442,void-linux/void-packages,2790,2309,180,Shell,2018-06-15,The Void source packages collection
15730865,spack/spack,4713,2408,180,Python,2014-01-08,"A flexible package manager that supports multiple versions, configurations, platforms, and compilers."
514553345,SoftFever/OrcaSlicer,10016,1260,179,C++,2022-07-16,"G-code generator for 3D printers (Bambu, Prusa, Voron, VzBot, RatRig, Creality, etc.)"
826170402,elizaOS/eliza,16145,5253,177,TypeScript,2024-07-09,Autonomous agents for everyone
350360184,calcom/cal.com,36881,9835,176,TypeScript,2021-03-22,Scheduling infrastructure for absolutely everyone.
131619646,dagster-io/dagster,13454,1728,172,Python,2018-04-30,"An orchestration platform for the development, production, and observation of data assets."
236095576,backstage/backstage,30644,6614,171,TypeScript,2020-01-24,Backstage is an open framework for building developer portals
237523442,tailscale/tailscale,23406,1879,171,Go,2020-01-31,"The easiest, most secure way to use WireGuard and 2FA."
327089870,payloadcms/payload,35867,2614,170,TypeScript,2021-01-05,"Payload is the open-source, fullstack Next.js framework, giving you instant backend superpowers. Get a full TypeScript backend and admin panel instantly. Use Payload as a headless CMS or for building powerful applications."
42009758,MetaMask/metamask-extension,12628,5220,169,TypeScript,2015-09-06,:globe_with_meridians: :electric_plug: The MetaMask browser extension enables browsing Ethereum blockchain enabled websites
644686905,continuedev/continue,27361,3057,169,TypeScript,2023-05-24,"‚è© Create, share, and use custom AI code assistants with our open-source IDE extensions and hub of models, rules, prompts, docs, and other building blocks"
131995661,shopware/shopware,3079,1097,167,PHP,2018-05-03,Shopware 6 is an open commerce platform based on Symfony Framework and Vue and supported by a worldwide community and more than 3.100 community extensions
312716297,DefiLlama/DefiLlama-Adapters,1003,6034,167,JavaScript,2020-11-14,
226368338,evcc-io/evcc,4786,923,166,Go,2019-12-06,solar charging ‚òÄÔ∏èüöò
24195339,angular/angular,98242,26363,165,TypeScript,2014-09-18,Deliver web apps with confidence üöÄ
643445235,lobehub/lobe-chat,62925,13090,165,TypeScript,2023-05-21,"ü§Ø Lobe Chat - an open-source, modern design AI chat framework. Supports multiple AI providers (OpenAI / Claude 4 / Gemini / DeepSeek / Ollama / Qwen), Knowledge Base (file upload / knowledge management / RAG ), Multi-Modal (Plugins / Artifacts / MCP) and thinking. One-click FREE deployment of your private ChatGPT/ Claude / DeepSeek application."
599320067,langflow-ai/langflow,79937,6953,165,Python,2023-02-08,Langflow is a powerful tool for building and deploying AI-powered agents and workflows.
523043277,astral-sh/ruff,40448,1412,160,Rust,2022-08-09,"An extremely fast Python linter and code formatter, written in Rust."
32873313,systemd/systemd,14324,4029,160,C,2015-03-25,The systemd System and Service Manager 
110198384,brave/brave-core,2736,1001,160,HTML,2017-11-10,Core engine for the Brave browser for mobile and desktop. For issues https://github.com/brave/brave-browser/issues
43160685,zulip/zulip,23068,8532,159,Python,2015-09-25,Zulip server and web application. Open-source team chat that helps teams stay productive and focused.
111455867,smartcontractkit/chainlink,7389,1797,158,Go,2017-11-20,"node of the decentralized oracle network, bridging on and off-chain computation"
105944401,yugabyte/yugabyte-db,9602,1148,158,C,2017-10-05,YugabyteDB - the cloud native distributed SQL database for mission-critical applications.
309820286,fleetdm/fleet,5158,603,157,Go,2020-11-03,Open device management
16408992,neovim/neovim,90674,6150,157,Vim Script,2014-01-31,Vim-fork focused on extensibility and usability
65214191,envoyproxy/envoy,26201,4983,155,C++,2016-08-08,Cloud-native high-performance edge/middle/service proxy
120896210,argoproj/argo-cd,19943,6132,155,Go,2018-02-09,Declarative Continuous Deployment for Kubernetes
93444615,hashicorp/terraform-provider-aws,10386,9550,155,Go,2017-06-05,The AWS Provider enables Terraform to manage AWS resources.
139914932,quarkusio/quarkus,14655,2888,154,Java,2018-07-06,Quarkus: Supersonic Subatomic Java. 
589831718,comfyanonymous/ComfyUI,81115,8990,154,Python,2023-01-17,"The most powerful and modular diffusion model GUI, api and backend with a graph/nodes interface."
208728772,milvus-io/milvus,35664,3273,153,Go,2019-09-16,"Milvus is a high-performance, cloud-native vector database built for scalable vector ANN search"
51478266,kubernetes/website,4930,14893,153,HTML,2016-02-10,Kubernetes website and documentation repo: 
60243197,nextcloud/server,29958,4317,152,PHP,2016-06-02,"‚òÅÔ∏è Nextcloud server, a safe home for all your data"
41986369,pingcap/tidb,38640,5963,150,Go,2015-09-06,"TiDB - the open-source, cloud-native, distributed SQL database designed for modern applications."
533917104,wolfi-dev/os,982,361,150,Shell,2022-09-07,Main package repository for production Wolfi images
275993885,appsmithorg/appsmith,37341,4121,150,TypeScript,2020-06-30,"Platform to build admin panels, internal tools, and dashboards. Integrates with 25+ databases and any API."
740710728,keiyoushi/extensions-source,2931,705,149,Kotlin,2024-01-08,Source code of extensions in https://github.com/keiyoushi/extensions
552661142,langchain-ai/langchain,110421,17949,148,Jupyter Notebook,2022-10-17,ü¶úüîó Build context-aware reasoning applications
28449431,scylladb/scylladb,14632,1384,148,C++,2014-12-24,"NoSQL data store using the Seastar framework, compatible with Apache Cassandra and Amazon DynamoDB"
824874689,cline/cline,46683,5944,147,TypeScript,2024-07-06,"Autonomous coding agent right in your IDE, capable of creating/editing files, executing commands, using the browser, and more with your permission every step of the way."
307260205,yt-dlp/yt-dlp,116960,9253,147,Python,2020-10-26,A feature-rich command-line audio/video downloader
4127088,Azure/azure-sdk-for-python,4978,3036,147,Python,2012-04-24,This repository is for active development of the Azure SDK for Python. For consumers of the SDK we recommend visiting our public developer docs at https://learn.microsoft.com/python/azure/ or our versioned developer docs at https://azure.github.io/azure-sdk-for-python. 
674559306,paritytech/polkadot-sdk,2309,962,146,Rust,2023-08-04,The Parity Polkadot Blockchain SDK
470730648,hyprwm/Hyprland,26483,1135,146,C++,2022-03-16,"Hyprland is an independent, highly customizable, dynamic tiling Wayland compositor that doesn't sacrifice on its looks."
263727855,pola-rs/polars,34233,2284,146,Rust,2020-05-13,"Dataframes powered by a multithreaded, vectorized query engine, written in Rust"
40276274,ziglang/zig,39688,2886,145,Zig,2015-08-06,"General-purpose programming language and toolchain for maintaining robust, optimal, and reusable software."
28312955,home-assistant/home-assistant.io,6690,7739,145,HTML,2014-12-21,:blue_book: Home Assistant User documentation
93446042,hashicorp/terraform-provider-azurerm,4773,4808,145,Go,2017-06-05,Terraform provider for Azure Resource Manager
100061716,nrwl/nx,26177,2548,144,TypeScript,2017-08-11,"An AI-first build platform that connects everything from your editor to CI. Helping you deliver fast, without breaking things."
27193779,nodejs/node,111974,31980,144,JavaScript,2014-11-26,Node.js JavaScript runtime ‚ú®üê¢üöÄ‚ú®
39464018,apache/superset,66840,15244,143,TypeScript,2015-07-21,Apache Superset is a Data Visualization and Data Exploration Platform
65899476,espressif/esp-idf,15675,7734,143,C,2016-08-17,Espressif IoT Development Framework. Official development framework for Espressif SoCs.
295774370,mdn/content,9601,22761,143,Markdown,2020-09-15,The content behind MDN Web Docs
114834469,GoogleCloudPlatform/magic-modules,875,1903,143,Go,2017-12-20,Add Google Cloud Platform support to Terraform
166515022,trinodb/trino,11503,3242,142,Java,2019-01-19,"Official repository of Trino, the distributed SQL query engine for big data, formerly known as PrestoSQL (https://trino.io)"
28457823,freeCodeCamp/freeCodeCamp,421790,40584,141,TypeScript,2014-12-24,"freeCodeCamp.org's open-source codebase and curriculum. Learn math, programming, and computer science for free."
234739976,medusajs/medusa,29681,3440,141,TypeScript,2020-01-18,The world's most flexible commerce platform.
501027541,bluesky-social/social-app,16347,2320,141,TypeScript,2022-06-07,"The Bluesky Social application for Web, iOS, and Android"
803014189,better-auth/better-auth,15640,1109,141,TypeScript,2024-05-19,The most comprehensive authentication framework for TypeScript
2928944,Azure/azure-sdk-for-net,5810,4989,140,C#,2011-12-06,This repository is for active development of the Azure SDK for .NET. For consumers of the SDK we recommend visiting our public developer docs at https://learn.microsoft.com/dotnet/azure/ or our versioned developer docs at https://azure.github.io/azure-sdk-for-net. 
7548986,laravel/framework,33759,11429,139,PHP,2013-01-10,The Laravel Framework.
22637619,AdguardTeam/AdguardFilters,3745,716,139,Adblock Filter List,2014-08-05,AdGuard Content Blocking Filters
696529789,dotnet/aspire,4612,648,139,C#,2023-09-25,"Tools, templates, and packages to accelerate building observable, production-ready apps"
4454793,musescore/MuseScore,13314,2888,139,C++,2012-05-26,"MuseScore is an open source and free music notation software. For support, contribution, bug reports, visit MuseScore.org. Fork and make pull requests!"
358917318,apache/datafusion,7395,1524,139,Rust,2021-04-17,Apache DataFusion SQL Query Engine
215783734,deckhouse/deckhouse,1168,127,137,Go,2019-10-17,Kubernetes platform from Flant
105808767,aws/aws-cdk,12264,4183,137,TypeScript,2017-10-04,The AWS Cloud Development Kit is a framework for defining cloud infrastructure in code
498011141,huggingface/diffusers,29559,6070,137,Python,2022-05-30,"ü§ó Diffusers: State-of-the-art diffusion models for image, video, and audio generation in PyTorch and FLAX."
40556106,wazuh/wazuh,12782,1893,137,C,2015-08-11,Wazuh - The Open Source Security Platform. Unified XDR and SIEM protection for endpoints and cloud workloads.
110178895,brave/brave-browser,19595,2635,135,JavaScript,2017-11-09,"Brave browser for Android, iOS, Linux, macOS, Windows."
528884267,harness/developer-hub,61,187,134,TypeScript,2022-08-25,Harness Developer Hub
133442384,denoland/deno,103447,5636,133,Rust,2018-05-15,A modern runtime for JavaScript and TypeScript.
10969551,cms-sw/cmssw,1140,4463,132,C++,2013-06-26,CMS Offline Software
585146387,shadcn-ui/ui,89940,6206,132,TypeScript,2023-01-04,"A set of beautifully-designed, accessible components and a code distribution platform. Works with your favorite frameworks. Open Source. Open Code."
221981891,microsoft/playwright,74219,4291,132,TypeScript,2019-11-15,"Playwright is a framework for Web Testing and Automation. It allows testing Chromium, Firefox and WebKit with a single API. "
646410686,hiyouga/LLaMA-Factory,53163,6513,132,Python,2023-05-28,Unified Efficient Fine-Tuning of 100+ LLMs & VLMs (ACL 2024)
604242594,AztecProtocol/aztec-packages,330,443,132,C++,2023-02-20,
426075845,MystenLabs/sui,7154,11539,132,Rust,2021-11-09," Sui, a next-generation smart contract platform with high throughput, low latency, and an asset-oriented programming model powered by the Move programming language"
7634677,openssl/openssl,27684,10629,132,C,2013-01-15,TLS/SSL and crypto library
388946490,facebookincubator/velox,3788,1357,130,C++,2021-07-23,A composable and fully extensible C++ execution engine library for data management systems.
42372094,bioconda/bioconda-recipes,1744,3523,129,Shell,2015-09-12,Conda recipes for the bioconda channel.
158256479,apache/iceberg,7640,2635,129,Java,2018-11-19,Apache Iceberg
912991838,rairprotocol/dev-dapp-season1,1214,17,129,,2025-01-06,Learn how to deploy open-source Dapps while participating in our incentives program
281765424,microsoft/azurelinux,4465,587,128,RPM Spec,2020-07-22,Linux OS for Azure 1P services and edge appliances
302322,gradle/gradle,17805,4974,128,Groovy,2009-09-09,"Adaptable, fast automation for all"
53432472,sonic-net/sonic-buildimage,840,1571,128,C,2016-03-08,Scripts which perform an installable binary image build for SONiC
1957456,Dolibarr/dolibarr,6211,3001,128,PHP,2011-06-26,"Dolibarr ERP CRM is a modern software package to manage your company or foundation's activity (contacts, suppliers, invoices, orders, stocks, agenda, accounting, ...). it's an open source Web application (written in PHP) designed for businesses of any sizes, foundations and freelancers."
771302083,All-Hands-AI/OpenHands,59508,6916,127,Python,2024-03-13,"üôå OpenHands: Code Less, Make More"
34526884,ant-design/ant-design,95236,52826,127,TypeScript,2015-04-24,An enterprise-class UI design language and React UI library
70365100,macports/macports-ports,1626,1380,127,Tcl,2016-10-09,The MacPorts ports tree
141427485,MetaMask/metamask-mobile,2457,1282,126,TypeScript,2018-07-18,Mobile web browser providing access to websites that use the Ethereum blockchain
202127068,elastic/integrations,289,464,126,Handlebars,2019-08-13,
458058,symfony/symfony,30413,9640,126,PHP,2010-01-04,The Symfony PHP framework
72685026,MicrosoftDocs/azure-docs,10565,21755,126,Markdown,2016-11-02,Open source documentation of Microsoft Azure
44662669,dbeaver/dbeaver,44159,3751,125,Java,2015-10-21,Free universal database tool and SQL client
167405382,SAP/ui5-webcomponents,1644,276,125,TypeScript,2019-01-24,UI5 Web Components - the enterprise-flavored sugar on top of native APIs! Build SAP Fiori user interfaces with the technology of your choice.
243435179,LeetCode-Feedback/LeetCode-Feedback,729,368,125,,2020-02-27,
29078997,dotnet/roslyn,19652,4146,125,C#,2015-01-11,The Roslyn .NET compiler provides C# and Visual Basic languages with rich code analysis APIs.
552877440,juspay/hyperswitch,21114,3515,125,Rust,2022-10-17,"An open source payments switch written in Rust to make payments fast, reliable and affordable"
38982731,home-assistant/frontend,4773,3177,124,TypeScript,2015-07-12,:lollipop: Frontend for Home Assistant
37448451,mattermost/mattermost,32956,7829,124,TypeScript,2015-06-15,Mattermost is an open source platform for secure collaboration across the entire software development lifecycle..
43441403,strapi/strapi,67175,8659,124,TypeScript,2015-09-30,"üöÄ Strapi is the leading open-source headless CMS. It‚Äôs 100% JavaScript/TypeScript, fully customizable, and developer-first."
869741127,Flowseal/zapret-discord-youtube,14563,965,124,Batchfile,2024-10-08,
72495579,go-gitea/gitea,49294,5884,124,Go,2016-11-01,"Git with a cup of tea! Painless self-hosted all-in-one software development service, including Git hosting, code review, team collaboration, package registry and CI/CD"
519859998,toeverything/AFFiNE,52108,3485,124,TypeScript,2022-07-31,"There can be more than Notion and Miro. AFFiNE(pronounced […ô‚Äòfain]) is a next-gen knowledge base that brings planning, sorting and creating all together. Privacy first, open-source, customizable and ready to use. "
63984307,dotnet/sdk,2929,1131,124,C#,2016-07-22,"Core functionality needed to create .NET Core projects, that is shared between Visual Studio and CLI"
31288958,hashicorp/vault,32685,4385,123,Go,2015-02-25,"A tool for secrets management, encryption as a service, and privileged access management"
24250009,code-dot-org/code-dot-org,863,501,123,JavaScript,2014-09-20,The code powering code.org and studio.code.org
808045485,LadybirdBrowser/ladybird,44049,1884,122,C++,2024-05-30,Truly independent web browser
27286452,ParadiseSS13/Paradise,427,1263,122,DM,2014-11-29,Paradise Station's GitHub main repository.
17630288,os-autoinst/os-autoinst-distri-opensuse,88,293,122,Perl,2014-03-11,os-autoinst test cases for openSUSE
572984571,twentyhq/twenty,31720,3554,120,TypeScript,2022-12-01,"Building a modern alternative to Salesforce, powered by the community."
129717717,grafana/loki,25862,3706,120,Go,2018-04-16,"Like Prometheus, but for logs."
148657224,trezor/trezor-suite,864,302,120,TypeScript,2018-09-13,Trezor Suite Monorepo
511797274,bambulab/BambuStudio,2911,410,119,C++,2022-07-08,PC Software for BambuLab and other 3D printers
679366051,NVIDIA/TensorRT-LLM,10893,1532,119,C++,2023-08-16,TensorRT-LLM provides users with an easy-to-use Python API to define Large Language Models (LLMs) and support state-of-the-art optimizations to perform inference efficiently on NVIDIA GPUs. TensorRT-LLM also contains components to create Python and C++ runtimes that orchestrate the inference execution in performant way.
1181927,bitcoin/bitcoin,84359,37449,118,C++,2010-12-19,Bitcoin Core integration/staging tree
391740664,open-metadata/OpenMetadata,6983,1287,118,TypeScript,2021-08-01,"OpenMetadata is a unified metadata platform for data discovery, data observability, and data governance powered by a central metadata repository, in-depth column level lineage, and seamless team collaboration."
334274271,opensearch-project/OpenSearch,11030,2278,117,Java,2021-01-29,üîé Open source distributed and RESTful search engine.
17620347,dotnet/aspnetcore,36815,10378,117,C#,2014-03-11,"ASP.NET Core is a cross-platform .NET framework for building modern cloud-based web applications on Windows, Mac, or Linux."
560704231,run-llama/llama_index,42685,6133,117,Python,2022-11-02,LlamaIndex is the leading framework for building LLM-powered agents over your data.
9384267,electron/electron,117285,16178,117,C++,2013-04-12,":electron: Build cross-platform desktop apps with JavaScript, HTML, and CSS"
366979357,cmss13-devs/cmss13,136,750,117,DM,2021-05-13,Contains the code for CM-SS13
638629097,Aider-AI/aider,34996,3211,116,Python,2023-05-09,aider is AI pair programming in your terminal
8514,rails/rails,57030,21859,116,Ruby,2008-04-11,Ruby on Rails
335164964,dataease/dataease,20413,3626,116,Java,2021-02-02,üî• ‰∫∫‰∫∫ÂèØÁî®ÁöÑÂºÄÊ∫ê BI Â∑•ÂÖ∑ÔºåÊï∞ÊçÆÂèØËßÜÂåñÁ•ûÂô®„ÄÇAn open-source BI tool alternative to Tableau.
644461337,vercel/ai,15303,2465,115,TypeScript,2023-05-23,"The AI Toolkit for TypeScript. From the creators of Next.js, the AI SDK is a free open-source library for building AI-powered applications and agents "
260240241,mui/mui-x,5310,1493,115,TypeScript,2020-04-30,"MUI X: Build complex and data-rich applications using a growing list of advanced React components, like the Data Grid, Date and Time Pickers, Charts, and more!"
601548787,nammayatri/nammayatri,2388,329,115,PureScript,2023-02-14,A Direct-to-Driver open mobility platform powering the next-generation of mobility applications in India.
365701873,dfinity/ic,1646,351,115,Rust,2021-05-09,Internet Computer blockchain source: the client/replica software run by nodes
23496542,triton-lang/triton,15989,2077,115,MLIR,2014-08-30,Development repository for the Triton language and compiler
330008801,libsdl-org/SDL,12689,2225,115,C,2021-01-15,Simple Directmedia Layer
55228249,uBlockOrigin/uAssets,4875,862,115,Adblock Filter List,2016-04-01,Filter lists for uBlock Origin & uBlock Origin Lite
155360607,ovh/manager,243,103,115,JavaScript,2018-10-30,OVHcloud Control Panel
426659329,cloudflare/workers-sdk,3217,915,115,TypeScript,2021-11-10,"‚õÖÔ∏è Home to Wrangler, the CLI for Cloudflare Workers¬Æ"
593769676,tonkeeper/ton-assets,498,2147,114,Python,2023-01-26,
444497690,LedgerHQ/ledger-live,501,409,114,TypeScript,2022-01-04,Mono-repository for packages related to Ledger Live and its JavaScript ecosystem.
633022779,YoYoGames/GameMaker-Bugs,45,8,114,Python,2023-04-26,Public tracking for GameMaker bugs
673412924,modelscope/ms-swift,8352,721,114,Python,2023-08-01,"Use PEFT or Full-parameter to CPT/SFT/DPO/GRPO 500+ LLMs (Qwen3, Qwen3-MoE, Llama4, InternLM3, DeepSeek-R1, ...) and 200+ MLLMs (Qwen2.5-VL, Qwen2.5-Omni, Qwen2-Audio, Ovis2, InternVL3, Llava, GLM4v, Phi4, ...) (AAAI 2025)."
51040886,Azure/azure-cli,4253,3180,113,Python,2016-02-04,Azure Command-Line Interface
537233603,paradigmxyz/reth,4759,1674,113,Rust,2022-09-15,"Modular, contributor-friendly and blazing-fast implementation of the Ethereum protocol, in Rust"
262342594,obsidianmd/obsidian-releases,12055,3517,113,,2020-05-08,"Community plugins list, theme list, and releases of Obsidian."
1690480,qgis/QGIS,11482,3156,112,C++,2011-05-02,"QGIS is a free, open source, cross platform (lin/win/mac) geographical information system (GIS)"
249027166,ohcnetwork/care_fe,537,824,112,TypeScript,2020-03-21,Care is a Digital Public Good enabling TeleICU & Decentralised Administration of Healthcare Capacity across States.
228103273,apache/nuttx,3382,1434,112,C,2019-12-14,"Apache NuttX is a mature, real-time embedded operating system (RTOS)"
725205304,unslothai/unsloth,41279,3286,111,Python,2023-11-29,"Fine-tuning & Reinforcement Learning for LLMs. ü¶• Train Qwen3, Llama 4, DeepSeek-R1, Gemma 3, TTS 2x faster with 70% less VRAM."
74175805,istio/istio,36999,8008,111,Go,2016-11-18,"Connect, secure, control, and observe services."
10270250,facebook/react,236844,48818,111,JavaScript,2013-05-24,The library for web and native user interfaces.
434017296,stackrox/stackrox,1176,157,111,Go,2021-12-01,"The StackRox Kubernetes Security Platform performs a risk analysis of the container environment, delivers visibility and runtime alerts, and provides recommendations to proactively improve security by hardening the environment."
26337322,rancher/rancher,24327,3058,111,Go,2014-11-07,Complete container management platform
203611792,OpenRailAssociation/osrd,537,50,111,TypeScript,2019-08-21,"An open source web application for railway infrastructure design, capacity analysis, timetabling and simulation"
261114179,island-is/island.is,400,71,111,TypeScript,2020-05-04,Monorepo for Iceland's digital services.
802814179,starkware-libs/sequencer,51,54,110,Rust,2024-05-19,
76686583,kubevirt/kubevirt,6165,1470,110,Go,2016-12-16,Kubernetes Virtualization API and runtime in order to define and manage virtual machines.
74293321,sveltejs/svelte,83243,4560,110,JavaScript,2016-11-20,web development for the rest of us
5349565,prestodb/presto,16387,5470,110,Java,2012-08-09,The official home of the Presto distributed SQL query engine for big data
664592117,sourcegraph/cody,3733,434,110,TypeScript,2023-07-10,"Type less, code more: Cody is an AI code assistant that uses advanced search and codebase context to help you write and fix code."
359754519,Facepunch/sbox-issues,186,13,110,,2021-04-20,
157936592,bcgov/entity,23,63,110,JavaScript,2018-11-17,ServiceBC Registry Team working on Legal Entities
26133979,mozilla-mobile/firefox-ios,12600,3064,110,Swift,2014-11-03,Firefox for iOS
462597790,aptos-labs/aptos-core,6316,3785,110,Rust,2022-02-23,Aptos is a layer 1 blockchain built to support the widespread use of blockchain through better technology and user experience.
71995937,nuxt/nuxt,57438,5280,110,TypeScript,2016-10-26,The Intuitive Vue Framework.
10601208,umbraco/Umbraco-CMS,4877,2784,110,C#,2013-06-10,Umbraco is a free and open source .NET content management system helping you deliver delightful digital experiences.
103694377,OpenLiberty/open-liberty,1193,615,109,Java,2017-09-15,"Open Liberty is a highly composable, fast to start, dynamic application server runtime environment "
351952547,nikgapps/config,209,2450,109,,2021-03-27,
35866694,RocketChat/Rocket.Chat,42886,11896,109,TypeScript,2015-05-19,The communications platform that puts data protection first.
721767116,clash-verge-rev/clash-verge-rev,63527,4838,109,TypeScript,2023-11-21,"A modern GUI client based on Tauri, designed to run in Windows, macOS and Linux for tailored proxy experience"
99178995,MetaMask/eth-phishing-detect,1186,996,108,TypeScript,2017-08-03,Utility for detecting phishing domains targeting Web3 users
37346186,termux/termux-packages,14492,3465,108,Shell,2015-06-12,A package build system for Termux.
143040428,github/codeql,8468,1719,108,CodeQL,2018-07-31,"CodeQL: the libraries and queries that power security researchers around the world, as well as code scanning in GitHub Advanced Security"
108311273,Azure/azure-sdk-for-js,2206,1253,108,TypeScript,2017-10-25,This repository is for active development of the Azure SDK for JavaScript (NodeJS & Browser). For consumers of the SDK we recommend visiting our public developer docs at https://docs.microsoft.com/javascript/azure/ or our versioned developer docs at https://azure.github.io/azure-sdk-for-js. 
332880689,coollabsio/coolify,42940,2653,108,PHP,2021-01-25,An open-source & self-hostable Heroku / Netlify / Vercel alternative.
385634291,grafana/mimir,4540,605,107,Go,2021-07-13,"Grafana Mimir provides horizontally scalable, highly available, multi-tenant, long-term storage for Prometheus."
203843667,microsoft/FluidFramework,4834,551,107,TypeScript,2019-08-22,"Library for building distributed, real-time collaborative web  applications"
60010673,elementor/elementor,6694,1464,107,PHP,2016-05-30,"The most advanced frontend drag & drop page builder. Create high-end, pixel perfect websites at record speeds. Any theme, any page, any design."
17914657,webcompat/web-bugs,763,77,107,,2014-03-19,A place to report bugs on websites.
196353673,taosdata/TDengine,24052,4930,107,C,2019-07-11,"High-performance, scalable time-series database designed for Industrial IoT (IIoT) scenarios"
607289185,microsoft/semantic-kernel,25225,4011,106,C#,2023-02-27,Integrate cutting-edge LLM technology quickly and easily into your apps
881221486,volcengine/verl,10129,1673,106,Python,2024-10-31,verl: Volcano Engine Reinforcement Learning for LLMs
319742187,mdn/translated-content,1846,8246,105,Markdown,2020-12-08,The source repository of all translated content for MDN Web Docs
749897908,backstage/community-plugins,266,403,105,TypeScript,2024-01-29,Community plugins for Backstage
2928948,Azure/azure-sdk-for-java,2491,2086,105,Java,2011-12-06,This repository is for active development of the Azure SDK for Java. For consumers of the SDK we recommend visiting our public developer docs at https://docs.microsoft.com/java/azure/ or our versioned developer docs at https://azure.github.io/azure-sdk-for-java. 
75277003,thingsboard/thingsboard,19224,5650,104,Java,2016-12-01,"Open-source IoT Platform - Device management, data collection, processing and visualization."
60537144,microsoft/fluentui,19357,2813,104,TypeScript,2016-06-06,"Fluent UI web represents a collection of utilities, React components, and web components for building web applications."
1644196,JuliaLang/julia,47270,5599,104,Julia,2011-04-21,The Julia Programming Language
201546443,trustwallet/assets,4971,24545,103,Go,2019-08-09,"A comprehensive, up-to-date collection of information about several thousands (!) of crypto tokens."
19961085,apache/pinot,5817,1395,103,Java,2014-05-19,Apache Pinot - A realtime distributed OLAP datastore
1864233,frappe/erpnext,25983,8640,103,Python,2011-06-08,Free and Open Source Enterprise Resource Planning (ERP)
591902831,Bubberstation/Bubberstation,68,383,103,DM,2023-01-22,Bubberstation SS13
37890266,TravelMapping/UserData,19,235,102,Shell,2015-06-23,Repository for User Files
499184667,ValveSoftware/Dota2-Gameplay,1542,93,102,,2022-06-02,Public Bug Tracker for Dota2
106017343,tailwindlabs/tailwindcss,88672,4608,102,TypeScript,2017-10-06,A utility-first CSS framework for rapid UI development.
731851722,AZPixel-Team/Java2Bedrock,41,32,102,Shell,2023-12-15,
162200234,OpenCTI-Platform/opencti,7435,1068,102,TypeScript,2018-12-17,Open Cyber Threat Intelligence Platform
750164628,anza-xyz/agave,1145,559,101,Rust,2024-01-30,"Web-Scale Blockchain for fast, secure, scalable, decentralized apps and marketplaces."
50904245,apache/beam,8177,4365,101,Java,2016-02-02,Apache Beam is a unified programming model for Batch and Streaming data processing.
52300938,bitnami/charts,9733,9566,101,Smarty,2016-02-22,Bitnami Helm Charts
20587599,apache/flink,24982,13681,101,Java,2014-06-07,Apache Flink
134597023,Koenkk/zigbee-herdsman-converters,1056,3440,101,TypeScript,2018-05-23,Collection of device converters to be used with zigbee-herdsman
138754790,duckdb/duckdb,30619,2407,101,C++,2018-06-26,DuckDB is an analytical in-process SQL database management system
204086862,streamlit/streamlit,40150,3535,101,Python,2019-08-24,Streamlit ‚Äî A faster way to build and share data apps.
1903522,php/php-src,39198,7899,100,C,2011-06-16,The PHP Interpreter
